,importance
log_dolvol_21d,0.025695454815544992
log_size,0.026043371467460885
chmom,0.028311545720979128
mom_756d,0.029902854923883154
minret_21d,0.030081605121602784
std_turn_21d,0.030587365142733712
turn_21d,0.03123072168409853
maxret_21d,0.032325853447429095
beta_252d,0.033007358649559344
betasq_252d,0.033822634993809636
mom_252d,0.03492797738504013
ill_21d,0.035111228426087965
mom_63d,0.036489627605026005
mom_126d,0.036859067345630145
retvol_21d,0.03690052903043666
mom_21d,0.038633076881877865
ind_mom,0.0395567490400903
idiovol_63d,0.04076789161316387
retvol_63d,0.04415128601598062
baspread_21d,0.04768915328821022
mom_5d,0.07014484095505708
ret_1d,0.1186952176933017
zerotrade_21d,0.11906458875299619
