date,equity,cash,unsettled,n_positions,daily_ret,pnl,gross_long,gross_short,turnover,skipped_unsettled
2023-04-25,5000.0,2139.7152404785156,0.0,3,0.0,0.0,2860.2847595214844,0,2860.2847595214844,0.0
2023-04-26,5097.667663574219,2209.111587524414,0.0,3,0.019533532714843815,97.66766357421875,2888.5560760498047,0,2006.8409576416016,0.0
2023-04-27,5127.362457275391,2402.5360565185547,0.0,3,0.005825172541819246,29.694793701171875,2724.826400756836,0,1839.5895080566406,0.0
2023-04-28,5190.933349609375,3200.2393798828125,0.0,2,0.01239836131416494,63.570892333984375,1990.6939697265625,0,2852.815383911133,0.0
2023-05-02,5366.219512939453,2183.2606315612793,0.0,3,0.0337677545683126,175.28616333007812,3182.958881378174,0,1109.2378044128418,0.0
2023-05-03,5353.290153503418,2214.1766471862793,0.0,3,-0.0024093981628703354,-12.929359436035156,3139.1135063171387,0,2147.15966796875,0.0
2023-05-04,5371.10657119751,2214.1766471862793,0.0,3,0.003328124794885534,17.816417694091797,3156.9299240112305,0,0.0,0.0
2023-05-05,5444.144027709961,1187.463882446289,0.0,4,0.013598213988922359,73.03745651245117,4256.680145263672,0,3231.4864463806152,0.0
2023-05-08,5444.746658325195,145.52754974365234,0.0,5,0.00011069336376245964,0.602630615234375,5299.219108581543,0,1133.8270950317383,0.0
2023-05-09,5446.628368377686,1247.9143905639648,0.0,4,0.00034560102986858077,1.8817100524902344,4198.713977813721,0,1102.3868408203125,0.0
2023-05-10,5251.07075881958,1247.9143905639648,0.0,4,-0.03590434234387718,-195.55760955810547,4003.1563682556152,0,0.0,0.0
2023-05-11,5257.470893859863,2262.300636291504,0.0,3,0.0012188247567477273,6.400135040283203,2995.1702575683594,0,1101.857406616211,0.0
2023-05-12,5346.053535461426,2308.430164337158,0.0,3,0.016848907657295298,88.5826416015625,3037.6233711242676,0,46.1295280456543,0.0
2023-05-15,5256.159236907959,2308.430164337158,0.0,3,-0.016815076384323557,-89.8942985534668,2947.729072570801,0,0.0,0.0
2023-05-16,5308.65202331543,2308.430164337158,0.0,3,0.009986909460214743,52.4927864074707,3000.2218589782715,0,0.0,0.0
2023-05-17,5362.628917694092,2260.7413902282715,0.0,3,0.010167721323906198,53.97689437866211,3101.8875274658203,0,1995.8762741088867,0.0
2023-05-18,5453.738754272461,3302.85795211792,0.0,2,0.016989770871102206,91.10983657836914,2150.880802154541,0,1042.1165618896484,0.0
2023-05-19,5497.194049835205,1586.5389442443848,0.0,4,0.007967982611690294,43.45529556274414,3910.6551055908203,0,1814.2867050170898,0.0
2023-05-22,5448.178081512451,2556.059513092041,0.0,3,-0.008916543217939221,-49.015968322753906,2892.11856842041,0,969.5205688476562,0.0
2023-05-23,5459.091121673584,2556.059513092041,0.0,3,0.002003062307776693,10.913040161132812,2903.031608581543,0,0.0,0.0
2023-05-24,5536.759464263916,3445.9187355041504,0.0,2,0.01422733947084609,77.66834259033203,2090.8407287597656,0,2902.071746826172,0.0
2023-05-25,5686.198387145996,2852.22550201416,0.0,3,0.026990322380195275,149.43892288208008,2833.972885131836,0,2801.843936920166,0.0
2023-05-26,5772.130577087402,2559.062900543213,0.0,3,0.015112415025065218,85.93218994140625,3213.0676765441895,0,1847.0996055603027,0.0
2023-05-29,5846.95463180542,842.7801780700684,0.0,5,0.012962987187960184,74.82405471801758,5004.174453735352,0,4045.7919540405273,0.0
2023-05-30,5824.3950843811035,1413.0728874206543,0.0,4,-0.0038583414520783066,-22.559547424316406,4411.322196960449,0,5246.533508300781,0.0
2023-05-31,5790.623020172119,1342.5786094665527,0.0,4,-0.005798381414672371,-33.772064208984375,4448.044410705566,0,2433.4901580810547,0.0
2023-06-01,5855.010593414307,209.0856819152832,0.0,5,0.01111928250516181,64.3875732421875,5645.924911499023,0,3535.835029602051,0.0
2023-06-02,5996.943553924561,2544.2680168151855,0.0,3,0.024241281590489328,141.9329605102539,3452.675537109375,0,4679.496849060059,0.0
2023-06-05,5979.107524871826,1438.482982635498,0.0,4,-0.0029741865822735525,-17.836029052734375,4540.624542236328,0,1105.7850341796875,0.0
2023-06-06,6006.893535614014,1397.8355979919434,0.0,4,0.00464718365184158,27.7860107421875,4609.05793762207,0,4633.005355834961,0.0
2023-06-07,6072.827045440674,1446.43701171875,0.0,4,0.010976307376807881,65.93350982666016,4626.390033721924,0,2434.1613426208496,0.0
2023-06-08,5953.1352615356445,2557.3824615478516,0.0,3,-0.019709401076207334,-119.6917839050293,3395.752799987793,0,3437.851577758789,0.0
2023-06-09,6111.124046325684,2649.242851257324,0.0,3,0.02653875274946893,157.98878479003906,3461.8811950683594,0,2473.924690246582,0.0
2023-06-12,6002.3251953125,659.4644622802734,0.0,5,-0.01780341066364033,-108.7988510131836,5342.860733032227,0,4267.06893157959,0.0
2023-06-13,6218.821182250977,1615.4412155151367,0.0,4,0.03606868669953922,216.49598693847656,4603.37996673584,0,5642.522148132324,0.0
2023-06-14,6411.3498458862305,2777.051124572754,0.0,3,0.030959028727943982,192.5286636352539,3634.2987213134766,0,1161.6099090576172,0.0
2023-06-15,6573.94441986084,573.5048179626465,0.0,5,0.025360427660789053,162.59457397460938,6000.439601898193,0,2434.6184883117676,0.0
2023-06-16,6575.209926605225,1746.2277488708496,0.0,4,0.000192503414017553,1.2655067443847656,4828.982177734375,0,1172.7229309082031,0.0
2023-06-19,6498.222354888916,342.5177345275879,0.0,5,-0.01170876254532871,-76.9875717163086,6155.704620361328,0,3725.5125045776367,0.0
2023-06-20,6496.588195800781,544.5406913757324,0.0,5,-0.00025147786562051966,-1.6341590881347656,5952.047504425049,0,7030.52799987793,0.0
2023-06-21,6717.563304901123,1782.6986351013184,0.0,4,0.034014024352532424,220.9751091003418,4934.864669799805,0,5798.197952270508,0.0
2023-06-26,6566.323066711426,646.486701965332,0.0,5,-0.022514151534582916,-151.24023818969727,5919.836364746094,0,3294.71830368042,0.0
2023-06-27,6358.571723937988,1658.353660583496,0.0,4,-0.03163891582286771,-207.7513427734375,4700.218063354492,0,3284.6141510009766,0.0
2023-06-28,6342.467346191406,1404.771614074707,0.0,4,-0.0025327036393966162,-16.10437774658203,4937.695732116699,0,2589.1922454833984,0.0
2023-06-29,6453.92253112793,446.4775161743164,0.0,5,0.01757284331995046,111.45518493652344,6007.445014953613,0,1112.2433319091797,0.0
2023-06-30,6696.000015258789,1576.965087890625,0.0,4,0.0375085822557204,242.07748413085938,5119.034927368164,0,3864.978096008301,0.0
2023-07-03,6835.1428871154785,1654.5333366394043,0.0,4,0.02077999873650116,139.14287185668945,5180.609550476074,0,2788.7357292175293,0.0
2023-07-04,7145.986034393311,1637.6076583862305,0.0,4,0.04547719812321471,310.84314727783203,5508.37837600708,0,2807.0834159851074,0.0
2023-07-05,6981.73441696167,1731.9291877746582,0.0,4,-0.022985157911183274,-164.25161743164062,5249.805229187012,0,2618.4680824279785,0.0
2023-07-06,6995.635692596436,258.78369522094727,0.0,5,0.0019910920130381538,13.901275634765625,6736.851997375488,0,4023.707992553711,0.0
2023-07-07,7010.011646270752,1696.7724647521973,0.0,4,0.002054988896796228,14.375953674316406,5313.239181518555,0,1437.98876953125,0.0
2023-07-10,7038.432201385498,329.61058044433594,0.0,5,0.0040542807271748416,28.420555114746094,6708.821620941162,0,4070.65718460083,0.0
2023-07-11,7266.994201660156,1762.0323638916016,0.0,4,0.03247342500928929,228.5620002746582,5504.961837768555,0,1516.5826416015625,0.0
2023-07-12,7522.312301635742,715.6882476806641,0.0,5,0.03513393473153692,255.31809997558594,6806.624053955078,0,4082.1171875,0.0
2023-07-13,7549.18924331665,222.95726776123047,0.0,5,0.003572962754426312,26.876941680908203,7326.23197555542,0,2541.8019638061523,0.0
2023-07-14,7839.625415802002,1882.9283561706543,0.0,4,0.03847249858552382,290.43617248535156,5956.697059631348,0,1737.5242652893066,0.0
2023-07-17,7972.242771148682,3490.079902648926,0.0,3,0.016916287234766125,132.6173553466797,4482.162868499756,0,1870.5598106384277,0.0
2023-07-18,8092.302570343018,2718.731060028076,0.0,4,0.01505972693516422,120.05979919433594,5373.571510314941,0,893.9733009338379,0.0
2023-07-19,8008.073276519775,2597.8842582702637,0.0,4,-0.010408569512950328,-84.22929382324219,5410.189018249512,0,120.8468017578125,0.0
2023-07-20,8075.647975921631,1073.596965789795,0.0,5,0.008438321812062943,67.57469940185547,7002.051010131836,0,1778.254409790039,0.0
2023-07-21,8421.13257598877,2573.1425857543945,0.0,4,0.0427810376451816,345.4846000671387,5847.989990234375,0,4792.947414398193,0.0
2023-07-24,8610.127388000488,1959.816261291504,0.0,4,0.022442920866796667,188.99481201171875,6650.311126708984,0,5988.5399169921875,0.0
2023-07-25,8571.52025604248,2075.96981048584,0.0,4,-0.004483921110367439,-38.60713195800781,6495.550445556641,0,3364.757064819336,0.0
2023-07-26,8546.294555664062,2010.445297241211,0.0,4,-0.0029429668979239487,-25.22570037841797,6535.849258422852,0,65.5245132446289,0.0
2023-07-27,8430.662506103516,2010.445297241211,0.0,4,-0.013530080060710215,-115.63204956054688,6420.217208862305,0,0.0,0.0
2023-07-28,8654.68798828125,2010.445297241211,0.0,4,0.026572701969216128,224.02548217773438,6644.242691040039,0,0.0,0.0
2023-07-31,8020.239128112793,1876.8529357910156,0.0,4,-0.07330695930662356,-634.448860168457,6143.386192321777,0,133.5923614501953,0.0
2023-08-01,7969.668022155762,1876.8529357910156,0.0,4,-0.006305436178301482,-50.57110595703125,6092.815086364746,0,0.0,0.0
2023-08-02,7436.747756958008,391.0903625488281,0.0,5,-0.06686856512921613,-532.9202651977539,7045.65739440918,0,1485.7625732421875,0.0
2023-08-04,7443.4621505737305,888.2263145446777,0.0,5,0.0009028669298942749,6.714393615722656,6555.235836029053,0,2383.053867340088,0.0
2023-08-07,8029.8572998046875,955.1781311035156,0.0,5,0.0787798926586547,586.395149230957,7074.679168701172,0,3234.2192726135254,0.0
2023-08-08,7991.829330444336,841.1654663085938,0.0,5,-0.00473582131543937,-38.02796936035156,7150.663864135742,0,114.01266479492188,0.0
2023-08-09,7749.453056335449,1716.1386489868164,0.0,4,-0.03032800928137569,-242.37627410888672,6033.314407348633,0,874.9731826782227,0.0
2023-08-10,7317.368885040283,1716.1386489868164,0.0,4,-0.05575673123691249,-432.084171295166,5601.230236053467,0,0.0,0.0
2023-08-11,7441.0657386779785,1716.1386489868164,0.0,4,0.016904553478311435,123.69685363769531,5724.927089691162,0,0.0,0.0
2023-08-14,7366.009521484375,1837.6295700073242,0.0,4,-0.010086756363872462,-75.05621719360352,5528.379951477051,0,320.31101989746094,0.0
2023-08-15,7603.811996459961,1837.6295700073242,0.0,4,0.0322837588360414,237.80247497558594,5766.182426452637,0,0.0,0.0
2023-08-16,8054.6404457092285,958.1252975463867,0.0,5,0.05928979431095294,450.8284492492676,7096.515148162842,0,879.5042724609375,0.0
2023-08-17,8139.440246582031,958.1252975463867,0.0,5,0.010528067819337128,84.79980087280273,7181.3149490356445,0,0.0,0.0
2023-08-18,7738.531341552734,958.1252975463867,0.0,5,-0.04925509529941563,-400.9089050292969,6780.406044006348,0,0.0,0.0
2023-08-21,7729.627246856689,1012.3234367370605,0.0,5,-0.0011506181603521126,-8.904094696044922,6717.303810119629,0,54.19813919067383,0.0
2023-08-22,7930.193462371826,957.844482421875,0.0,5,0.025947721553674974,200.56621551513672,6972.348979949951,0,54.47895431518555,0.0
2023-08-23,8050.772590637207,957.844482421875,0.0,5,0.015205067674265438,120.57912826538086,7092.928108215332,0,0.0,0.0
2023-08-24,8058.101100921631,1291.0428771972656,0.0,5,0.000910286584538067,7.328510284423828,6767.058223724365,0,333.1983947753906,0.0
2023-08-25,7664.464649200439,1186.2460403442383,0.0,5,-0.04884977822829373,-393.6364517211914,6478.218608856201,0,104.79683685302734,0.0
2023-08-28,7584.531349182129,1186.2460403442383,0.0,5,-0.010429078047434093,-79.93330001831055,6398.285308837891,0,0.0,0.0
2023-08-29,7649.353897094727,1186.2460403442383,0.0,5,0.008546678091005289,64.82254791259766,6463.107856750488,0,0.0,0.0
2023-08-30,7748.586273193359,2024.0562896728516,0.0,4,0.012972648073757087,99.23237609863281,5724.529983520508,0,940.0284957885742,0.0
2023-08-31,7844.005828857422,586.310417175293,0.0,5,0.012314447087486302,95.4195556640625,7257.695411682129,0,1543.3339614868164,0.0
2023-09-01,7474.620319366455,1174.3840866088867,0.0,5,-0.04709143740460131,-369.3855094909668,6300.236232757568,0,2297.4588012695312,0.0
2023-09-04,7549.021190643311,876.952751159668,0.0,5,0.009953799403574548,74.40087127685547,6672.068439483643,0,297.43133544921875,0.0
2023-09-05,7540.784755706787,929.2787590026855,0.0,5,-0.0010910599836084778,-8.236434936523438,6611.505996704102,0,52.32600784301758,0.0
2023-09-06,7644.110027313232,929.2787590026855,0.0,5,0.01370219081352908,103.32527160644531,6714.831268310547,0,0.0,0.0
2023-09-07,7552.781032562256,877.9824256896973,0.0,5,-0.011947629537597981,-91.32899475097656,6674.798606872559,0,51.29633331298828,0.0
2023-09-08,7402.06587600708,877.9824256896973,0.0,5,-0.019954922022152988,-150.71515655517578,6524.083450317383,0,0.0,0.0
2023-09-11,7038.537384033203,926.7513885498047,0.0,5,-0.04911176123846883,-363.52849197387695,6111.785995483398,0,48.76896286010742,0.0
2023-09-12,6944.466644287109,926.7513885498047,0.0,5,-0.013365097691956818,-94.07073974609375,6017.715255737305,0,0.0,0.0
2023-09-13,6941.573059082031,879.0120964050293,0.0,5,-0.0004166749375142942,-2.893585205078125,6062.560962677002,0,47.73929214477539,0.0
2023-09-14,7155.727607727051,879.0120964050293,0.0,5,0.03085101126535439,214.15454864501953,6276.7155113220215,0,0.0,0.0
2023-09-15,7092.263633728027,1039.2006912231445,0.0,5,-0.008868975662306156,-63.46397399902344,6053.062942504883,0,2668.4112510681152,0.0
2023-09-18,6775.032554626465,841.663272857666,0.0,5,-0.04472917188144776,-317.2310791015625,5933.369281768799,0,2498.0476722717285,0.0
2023-09-19,6659.448955535889,841.663272857666,0.0,5,-0.017060227852580212,-115.58359909057617,5817.785682678223,0,0.0,0.0
2023-09-20,6701.835948944092,1024.6220054626465,0.0,5,0.006364940056033941,42.386993408203125,5677.213943481445,0,2450.1909103393555,0.0
2023-09-21,6701.322460174561,821.3881187438965,0.0,5,-7.661911951339917e-05,-0.51348876953125,5879.934341430664,0,2373.159912109375,0.0
2023-09-22,6918.049800872803,1011.9669761657715,0.0,5,0.032340980752118,216.7273406982422,5906.082824707031,0,2522.44189453125,0.0
2023-09-25,6901.026027679443,662.8035850524902,0.0,5,-0.002460776329076375,-17.023773193359375,6238.222442626953,0,1986.1832885742188,0.0
2023-09-26,6886.693141937256,657.004940032959,0.0,5,-0.0020769209802570243,-14.3328857421875,6229.688201904297,0,2463.0728149414062,0.0
2023-09-27,6989.41508102417,363.4406852722168,0.0,5,0.01491600351137734,102.72193908691406,6625.974395751953,0,2570.527145385742,0.0
2023-09-28,7060.410045623779,575.9674186706543,0.0,5,0.010157497269314586,70.99496459960938,6484.442626953125,0,2460.2977294921875,0.0
2023-10-02,7375.544521331787,685.5147819519043,0.0,5,0.044634018941057896,315.1344757080078,6690.029739379883,0,2794.129150390625,0.0
2023-10-03,7322.012004852295,2264.660472869873,0.0,4,-0.007258110411328067,-53.53251647949219,5057.351531982422,0,3353.0728149414062,0.0
2023-10-04,7310.549144744873,861.341136932373,0.0,5,-0.001565534186481199,-11.462860107421875,6449.2080078125,0,1403.3193359375,0.0
2023-10-05,7338.616130828857,927.687572479248,0.0,5,0.0038392445667587705,28.066986083984375,6410.928558349609,0,2762.685546875,0.0
2023-10-06,7391.307857513428,1077.166820526123,0.0,5,0.0071800630725480374,52.69172668457031,6314.141036987305,0,2582.1318359375,0.0
2023-10-11,7108.174434661865,393.5930824279785,0.0,5,-0.03830626843174323,-283.1334228515625,6714.581352233887,0,4930.934944152832,0.0
2023-10-12,7244.392597198486,988.6808967590332,0.0,5,0.0191635930981624,136.2181625366211,6255.711700439453,0,5079.35563659668,0.0
2023-10-13,7083.8078956604,962.5700874328613,0.0,5,-0.022166758549251764,-160.58470153808594,6121.237808227539,0,4539.251434326172,0.0
2023-10-16,6977.210536956787,668.1695747375488,0.0,5,-0.015048030702373483,-106.59735870361328,6309.040962219238,0,2040.9461669921875,0.0
2023-10-17,6888.137348175049,489.4076118469238,0.0,5,-0.012766303712627991,-89.07318878173828,6398.729736328125,0,2514.108642578125,0.0
2023-10-18,6582.829044342041,1031.235065460205,0.0,5,-0.04432378281683025,-305.3083038330078,5551.593978881836,0,2124.0844116210938,0.0
2023-10-19,6588.761943817139,1031.235065460205,0.0,5,0.0009012689582448274,5.932899475097656,5557.526878356934,0,0.0,0.0
2023-10-20,6584.679744720459,1810.628620147705,0.0,4,-0.0006195699786225584,-4.0821990966796875,4774.051124572754,0,779.3935546875,0.0
2023-10-23,6521.240062713623,1660.0189781188965,0.0,4,-0.00963443697587596,-63.43968200683594,4861.221084594727,0,2574.83097076416,0.0
2023-10-24,6765.824169158936,1733.3770713806152,0.0,4,0.03750576640227776,244.5841064453125,5032.44709777832,0,2398.2171020507812,0.0
2023-10-25,6736.978481292725,1927.9362907409668,0.0,4,-0.004263440365136928,-28.845687866210938,4809.042190551758,0,194.55921936035156,0.0
2023-10-26,6556.253231048584,1497.4161186218262,0.0,4,-0.02682586128870379,-180.72525024414062,5058.837112426758,0,2793.7359924316406,0.0
2023-10-27,6622.985378265381,2145.2374687194824,0.0,4,0.010178396847268179,66.73214721679688,4477.747909545898,0,4483.693664550781,0.0
2023-10-30,6613.943447113037,2192.4604454040527,0.0,4,-0.001365234956129724,-9.04193115234375,4421.483001708984,0,2673.2782135009766,0.0
2023-10-31,6337.048305511475,1508.7971000671387,0.0,4,-0.04186536274700481,-276.8951416015625,4828.251205444336,0,2056.647720336914,0.0
2023-11-01,6379.008388519287,1932.1817741394043,0.0,4,0.006621392324139164,41.9600830078125,4446.826614379883,0,4310.584259033203,0.0
2023-11-02,6523.665721893311,2019.795711517334,0.0,4,0.022677087811073138,144.65733337402344,4503.870010375977,0,87.61393737792969,0.0
2023-11-03,6424.070049285889,498.5362205505371,0.0,5,-0.015266826482721263,-99.59567260742188,5925.533828735352,0,3297.2015075683594,0.0
2023-11-06,6607.166500091553,938.0926933288574,0.0,5,0.02850162737967299,183.09645080566406,5669.073806762695,0,2029.4750213623047,0.0
2023-11-07,6729.414028167725,2868.008556365967,0.0,3,0.018502262365338806,122.24752807617188,3861.405471801758,0,4744.697235107422,0.0
2023-11-08,6863.652141571045,2255.8996391296387,0.0,4,0.01994796468777693,134.2381134033203,4607.752502441406,0,3765.4195251464844,0.0
2023-11-09,6869.284587860107,2255.8996391296387,0.0,4,0.0008206194272213363,5.6324462890625,4613.384948730469,0,0.0,0.0
2023-11-10,6854.269786834717,2255.8996391296387,0.0,4,-0.0021857881753691855,-15.014801025390625,4598.370147705078,0,0.0,0.0
2023-11-13,6882.850353240967,2149.8109245300293,0.0,4,0.00416974634718148,28.58056640625,4733.0394287109375,0,2918.2351989746094,0.0
2023-11-14,6906.230907440186,3423.517589569092,0.0,3,0.0033969290336537394,23.38055419921875,3482.7133178710938,0,1273.7066650390625,0.0
2023-11-15,6932.118801116943,4855.6344871521,0.0,2,0.003748483655370949,25.887893676757812,2076.4843139648438,0,3889.391067504883,0.0
2023-11-16,6932.1374168396,4855.6344871521,0.0,2,2.6854304131518347e-06,0.01861572265625,2076.5029296875,0,0.0,0.0
2023-11-17,6932.152309417725,3553.9018211364746,0.0,3,2.1483385612697248e-06,0.014892578125,3378.25048828125,0,1301.732666015625,0.0
2023-11-20,6984.495235443115,4869.7531089782715,0.0,2,0.00755074667852873,52.342926025390625,2114.7421264648438,0,1315.8512878417969,0.0
2023-11-21,7026.526668548584,4869.7531089782715,0.0,2,0.006017819711892525,42.03143310546875,2156.7735595703125,0,0.0,0.0
2023-11-22,7006.968502044678,4832.6229820251465,0.0,2,-0.0027834757379417985,-19.55816650390625,2174.3455200195312,0,2600.219970703125,0.0
2023-11-23,6983.4987144470215,3550.4058113098145,0.0,3,-0.0033494923790234887,-23.46978759765625,3433.092903137207,0,3919.567268371582,0.0
2023-11-24,7026.577960968018,6173.84126663208,0.0,1,0.006168719761038499,43.079246520996094,852.7366943359375,0,2623.4354553222656,0.0
2023-11-27,7010.931415557861,4787.229206085205,0.0,2,-0.0022267660726276173,-15.64654541015625,2223.7022094726562,0,1386.612060546875,0.0
2023-11-28,7073.202472686768,3784.8304176330566,0.0,3,0.008881994907370183,62.27105712890625,3288.372055053711,0,3902.1207122802734,0.0
2023-11-29,7125.48921585083,4849.125385284424,0.0,2,0.007392230515946396,52.2867431640625,2276.3638305664062,0,3895.902633666992,0.0
2023-11-30,7104.047931671143,3817.511371612549,0.0,3,-0.0030090964325636405,-21.4412841796875,3286.5365600585938,0,1031.614013671875,0.0
2023-12-01,7193.591083526611,4913.344142913818,0.0,2,0.012604525295538682,89.54315185546875,2280.246940612793,0,3927.3832931518555,0.0
2023-12-04,7200.022609710693,3508.4323081970215,0.0,3,0.0008940633557570354,6.431526184082031,3691.590301513672,0,4302.132537841797,0.0
2023-12-05,7127.295894622803,2178.0153160095215,0.0,4,-0.010100900931867107,-72.72671508789062,4949.280578613281,0,1330.4169921875,0.0
2023-12-06,7228.96129989624,3787.7239952087402,0.0,3,0.014264232434932245,101.6654052734375,3441.2373046875,0,1609.7086791992188,0.0
2023-12-07,7272.83483505249,3838.180965423584,0.0,3,0.006069134047913538,43.87353515625,3434.6538696289062,0,2878.4568481445312,0.0
2023-12-08,7323.349208831787,5280.180934906006,0.0,2,0.006945623670131518,50.514373779296875,2043.1682739257812,0,1441.9999694824219,0.0
2023-12-11,7347.8229637146,3859.8522300720215,0.0,3,0.0033418800858626696,24.4737548828125,3487.970733642578,0,1420.3287048339844,0.0
2023-12-12,7319.672512054443,5274.533596038818,0.0,2,-0.0038311281857457136,-28.15045166015625,2045.138916015625,0,1414.6813659667969,0.0
2023-12-13,7324.517421722412,5274.533596038818,0.0,2,0.0006619025181782145,4.84490966796875,2049.9838256835938,0,0.0,0.0
2023-12-14,7331.403774261475,6473.777492523193,0.0,1,0.0009401783274676223,6.8863525390625,857.6262817382812,0,1199.243896484375,0.0
2023-12-15,7311.845607757568,5013.913600921631,0.0,2,-0.0026677246412984967,-19.55816650390625,2297.9320068359375,0,1459.8638916015625,0.0
2023-12-18,7319.193935394287,5307.356044769287,0.0,2,0.001004989441916404,7.34832763671875,2011.837890625,0,293.44244384765625,0.0
2023-12-19,7320.194118499756,6492.88302230835,0.0,1,0.00013665208413615737,1.00018310546875,827.3110961914062,0,1185.5269775390625,0.0
2023-12-20,7330.951137542725,5052.881374359131,0.0,2,0.0014694991510926236,10.75701904296875,2278.0697631835938,0,1440.0016479492188,0.0
2023-12-21,7313.0885887146,3609.7651443481445,0.0,3,-0.0024365936278920586,-17.862548828125,3703.323444366455,0,4279.571186065674,0.0
2023-12-22,7336.464550018311,3043.46732711792,0.0,3,0.0031964553717815924,23.375961303710938,4292.997222900391,0,2333.252155303955,0.0
2023-12-25,7088.304801940918,2898.515167236328,0.0,3,-0.03382552268677874,-248.15974807739258,4189.78963470459,0,241.55401992797852,0.0
2023-12-26,7123.8890953063965,2951.525131225586,0.0,3,0.005020141537329881,35.584293365478516,4172.363964080811,0,53.00996398925781,0.0
2023-12-27,7171.115051269531,2951.525131225586,0.0,3,0.0066292379529391265,47.225955963134766,4219.589920043945,0,0.0,0.0
2023-12-28,7136.794136047363,2058.612102508545,0.0,4,-0.00478599422499737,-34.32091522216797,5078.182033538818,0,991.3870124816895,0.0
2023-12-29,7124.664649963379,2058.612102508545,0.0,4,-0.0016995706829652235,-12.129486083984375,5066.052547454834,0,0.0,0.0
2024-01-02,7094.789539337158,2927.1981239318848,0.0,3,-0.004193195342376499,-29.875110626220703,4167.591415405273,0,964.2518157958984,0.0
2024-01-03,7120.396190643311,1534.7332191467285,0.0,4,0.003609219295960253,25.606651306152344,5585.662971496582,0,1392.4649047851562,0.0
2024-01-04,7224.335975646973,1500.516502380371,0.0,4,0.014597472137891199,103.93978500366211,5723.819473266602,0,241.7665672302246,0.0
2024-01-05,7236.417190551758,1550.943458557129,0.0,4,0.0016722941659290669,12.081214904785156,5685.473731994629,0,50.42695617675781,0.0
2024-01-08,7175.188003540039,1549.7471542358398,0.0,4,-0.008461257193913996,-61.22918701171875,5625.440849304199,0,97.04931640625,0.0
2024-01-09,6914.337245941162,1499.216464996338,0.0,4,-0.03635455370231144,-260.85075759887695,5415.120780944824,0,138.57278060913086,0.0
2024-01-10,6746.9000244140625,1408.7953186035156,0.0,4,-0.024215946600722793,-167.4372215270996,5338.104705810547,0,90.42114639282227,0.0
2024-01-11,6852.870803833008,1501.108226776123,0.0,4,0.01570658806792502,105.97077941894531,5351.762577056885,0,92.31290817260742,0.0
2024-01-12,6926.600860595703,2848.5941009521484,0.0,3,0.0107590028870026,73.73005676269531,4078.0067596435547,0,1520.6230354309082,0.0
2024-01-15,6922.598930358887,1477.72758102417,0.0,4,-0.0005777625010244813,-4.001930236816406,5444.871349334717,0,1370.8665199279785,0.0
2024-01-16,6846.394283294678,1571.517162322998,0.0,4,-0.0110080979457029,-76.20464706420898,5274.87712097168,0,2626.2268676757812,0.0
2024-01-17,6749.378379821777,2786.2326698303223,0.0,3,-0.014170364641373445,-97.01590347290039,3963.145709991455,0,1301.2238235473633,0.0
2024-01-18,6836.859558105469,1519.8963317871094,0.0,4,0.01296136819728888,87.4811782836914,5316.963226318359,0,1355.539882659912,0.0
2024-01-19,6866.266986846924,1427.176067352295,0.0,4,0.004301306541625749,29.407428741455078,5439.090919494629,0,92.72026443481445,0.0
2024-01-22,6982.151508331299,1775.8497200012207,0.0,4,0.016877368984684837,115.884521484375,5206.301788330078,0,2633.759452819824,0.0
2024-01-23,6967.060302734375,1775.8497200012207,0.0,4,-0.0021613976120278267,-15.091205596923828,5191.210582733154,0,0.0,0.0
2024-01-24,6960.116439819336,1819.456340789795,0.0,4,-0.0009966704195618625,-6.9438629150390625,5140.660099029541,0,43.60662078857422,0.0
2024-01-25,6891.268932342529,1819.456340789795,0.0,4,-0.009891717771117303,-68.84750747680664,5071.812591552734,0,0.0,0.0
2024-01-26,6828.265789031982,1794.7785682678223,0.0,4,-0.009142458947561383,-63.003143310546875,5033.48722076416,0,2756.111068725586,0.0
2024-01-29,6887.193843841553,2026.1760292053223,0.0,4,0.008630017727813799,58.92805480957031,4861.0178146362305,0,2527.009033203125,0.0
2024-01-30,7044.788005828857,3246.4479904174805,0.0,3,0.022882202179952182,157.5941619873047,3798.340015411377,0,1304.6067008972168,0.0
2024-01-31,6972.485820770264,1974.8039627075195,0.0,4,-0.01026321657923146,-72.30218505859375,4997.681858062744,0,3943.9212188720703,0.0
2024-02-01,7136.1938400268555,3349.586799621582,0.0,3,0.02347914695916975,163.7080192565918,3786.6070404052734,0,1374.7828369140625,0.0
2024-02-02,7185.619522094727,1558.2124214172363,0.0,4,0.006926056547209125,49.425682067871094,5627.40710067749,0,3913.4371223449707,0.0
2024-02-05,7191.793800354004,3378.846351623535,0.0,3,0.0008592548269905631,6.174278259277344,3812.9474487304688,0,3796.0102729797363,0.0
2024-02-15,7412.927520751953,2015.7062034606934,0.0,4,0.03074806182388934,221.13372039794922,5397.22131729126,0,4580.497447967529,0.0
2024-02-16,7434.804878234863,3499.0843772888184,0.0,3,0.0029512439480443575,21.877357482910156,3935.720500946045,0,1483.378173828125,0.0
2024-02-19,7347.3377685546875,1854.312557220459,0.0,4,-0.011764546765205997,-87.46710968017578,5493.0252113342285,0,1644.7718200683594,0.0
2024-02-20,7414.728801727295,3336.779052734375,0.0,3,0.009172170287451431,67.39103317260742,4077.94974899292,0,1482.466495513916,0.0
2024-02-21,7519.650714874268,3357.1611938476562,0.0,3,0.014150472114709212,104.92191314697266,4162.489521026611,0,2889.5479125976562,0.0
2024-02-22,7592.796398162842,3354.6802864074707,0.0,3,0.009727271393588532,73.14568328857422,4238.116111755371,0,2948.7434883117676,0.0
2024-02-23,7575.334308624268,1795.1614799499512,0.0,4,-0.002299823230186848,-17.46208953857422,5780.172828674316,0,1559.5188064575195,0.0
2024-02-26,7525.74036026001,2026.9249382019043,0.0,4,-0.006546766960211503,-49.59394836425781,5498.8154220581055,0,2754.282501220703,0.0
2024-02-27,7516.477844238281,3284.419445037842,0.0,3,-0.0012307780468536755,-9.262516021728516,4232.058399200439,0,1257.4945068359375,0.0
2024-02-29,7690.144645690918,2474.8045768737793,0.0,4,0.02310481119634522,173.66680145263672,5215.340068817139,0,1852.0948486328125,0.0
2024-03-01,7700.190181732178,3642.3959922790527,0.0,3,0.001306287008123963,10.045536041259766,4057.794189453125,0,4179.511367797852,0.0
2024-03-04,7733.371410369873,3829.6073722839355,0.0,3,0.004309144041197088,33.18122863769531,3903.7640380859375,0,5823.559524536133,0.0
2024-03-05,7916.315990447998,2302.1761512756348,0.0,4,0.023656510255386065,182.944580078125,5614.139839172363,0,4353.588447570801,0.0
2024-03-06,7922.718086242676,2183.1479568481445,0.0,4,0.0008087216076775317,6.402095794677734,5739.570129394531,0,3207.2446327209473,0.0
2024-03-07,7811.0361404418945,3789.765022277832,0.0,3,-0.014096417995070443,-111.68194580078125,4021.2711181640625,0,1606.6170654296875,0.0
2024-03-08,7664.376594543457,3789.765022277832,0.0,3,-0.01877593999842131,-146.6595458984375,3874.611572265625,0,0.0,0.0
2024-03-11,7656.6245193481445,2327.818199157715,0.0,4,-0.0010114423658189597,-7.7520751953125,5328.80632019043,0,1461.9468231201172,0.0
2024-03-12,7778.527114868164,2490.7323150634766,0.0,4,0.015921192845747445,121.90259552001953,5287.7947998046875,0,2836.0313034057617,0.0
2024-03-13,7464.800186157227,3725.6371002197266,0.0,3,-0.0403324336443166,-313.7269287109375,3739.1630859375,0,1234.90478515625,0.0
2024-03-14,7325.689346313477,3837.979263305664,0.0,3,-0.018635574479504258,-139.11083984375,3487.7100830078125,0,2503.0877685546875,0.0
2024-03-15,7368.560073852539,3708.694839477539,0.0,3,0.005852108315326898,42.8707275390625,3659.865234375,0,2486.1455078125,0.0
2024-03-18,7513.350234985352,3708.694839477539,0.0,3,0.019649722562024463,144.7901611328125,3804.6553955078125,0,0.0,0.0
2024-03-19,7344.040542602539,2273.306350708008,0.0,4,-0.0225345135109547,-169.3096923828125,5070.734191894531,0,1435.3884887695312,0.0
2024-03-20,7229.545669555664,2354.9943237304688,0.0,4,-0.015590174425467063,-114.494873046875,4874.551345825195,0,2694.9654693603516,0.0
2024-03-21,7306.278884887695,2109.8140411376953,0.0,4,0.010613836448279512,76.73321533203125,5196.46484375,0,2782.5377044677734,0.0
2024-03-22,7383.131271362305,2141.0773162841797,0.0,4,0.010518676837476093,76.85238647460938,5242.053955078125,0,2820.688934326172,0.0
2024-03-25,7370.709541320801,2240.9773712158203,0.0,4,-0.001682447404082521,-12.421730041503906,5129.7321701049805,0,5561.303848266602,0.0
2024-03-26,7148.9224281311035,3633.415470123291,0.0,3,-0.030090334172896194,-221.78711318969727,3515.5069580078125,0,3917.1219367980957,0.0
2024-03-27,7249.9514503479,3810.158115386963,0.0,3,0.014132063011237372,101.02902221679688,3439.7933349609375,0,2596.991180419922,0.0
2024-03-28,7265.667881011963,2447.7078590393066,0.0,4,0.002167798056538439,15.7164306640625,4817.960021972656,0,1362.4502563476562,0.0
2024-03-29,7276.414707183838,788.901309967041,0.0,5,0.001479124334868187,10.746826171875,6487.513397216797,0,4079.0550842285156,0.0
2024-04-01,7247.228855133057,685.5073280334473,0.0,5,-0.004011020980149271,-29.18585205078125,6561.721527099609,0,2789.22802734375,0.0
2024-04-02,7267.589946746826,2290.198986053467,0.0,4,0.002809500296012901,20.36109161376953,4977.390960693359,0,4295.408821105957,0.0
2024-04-03,7332.98295211792,871.1495475769043,0.0,5,0.008997894191920652,65.39300537109375,6461.833404541016,0,4141.213439941406,0.0
2024-04-08,7328.768611907959,3614.6690940856934,0.0,3,-0.0005747102151306693,-4.2143402099609375,3714.0995178222656,0,2743.519546508789,0.0
2024-04-09,7340.056453704834,3614.6690940856934,0.0,3,0.0015402098762586913,11.287841796875,3725.3873596191406,0,0.0,0.0
2024-04-10,7296.940044403076,3440.51908493042,0.0,3,-0.005874125025291166,-43.11640930175781,3856.4209594726562,0,2733.017349243164,0.0
2024-04-11,7242.975994110107,2197.710475921631,0.0,4,-0.007395435616106005,-53.96405029296875,5045.265518188477,0,1242.808609008789,0.0
2024-04-12,7404.808177947998,3433.194103240967,0.0,3,0.022343327379448885,161.83218383789062,3971.6140747070312,0,1235.483627319336,0.0
2024-04-15,7236.275768280029,2244.915325164795,0.0,4,-0.02275986164906596,-168.53240966796875,4991.360443115234,0,3935.505340576172,0.0
2024-04-16,7129.644908905029,3466.543468475342,0.0,3,-0.014735599193498539,-106.630859375,3663.1014404296875,0,3874.771453857422,0.0
2024-04-17,7244.096111297607,2054.6205558776855,0.0,4,0.016052861517636963,114.45120239257812,5189.475555419922,0,4168.5577392578125,0.0
2024-04-18,7466.686870574951,1990.3205528259277,0.0,4,0.030727195754650438,222.59075927734375,5476.366317749023,0,64.30000305175781,0.0
2024-04-19,7192.674709320068,1990.3205528259277,0.0,4,-0.03669795801063014,-274.0121612548828,5202.354156494141,0,0.0,0.0
2024-04-22,6921.754249572754,3646.8339614868164,0.0,3,-0.037666163241924955,-270.92045974731445,3274.9202880859375,0,3813.2673149108887,0.0
2024-04-23,6931.530616760254,3582.49552154541,0.0,3,0.0014124117723630647,9.7763671875,3349.0350952148438,0,2260.1287231445312,0.0
2024-04-24,7131.224311828613,3348.0954666137695,0.0,3,0.028809465918754773,199.69369506835938,3783.1288452148438,0,234.40005493164062,0.0
2024-04-25,6969.887794494629,3348.0954666137695,0.0,3,-0.02262395772158987,-161.33651733398438,3621.7923278808594,0,0.0,0.0
2024-04-26,7136.188453674316,3348.0954666137695,0.0,3,0.023859876096003374,166.3006591796875,3788.092987060547,0,0.0,0.0
2024-04-29,7103.865180969238,3348.0954666137695,0.0,3,-0.004529486982429054,-32.323272705078125,3755.7697143554688,0,0.0,0.0
2024-04-30,7189.058753967285,2046.7669143676758,0.0,4,0.011992566135161864,85.19357299804688,5142.291839599609,0,4014.509033203125,0.0
2024-05-02,7151.585548400879,1993.0222854614258,0.0,4,-0.005212532940522485,-37.47320556640625,5158.563262939453,0,2661.7280883789062,0.0
2024-05-03,7107.631385803223,1976.6343231201172,0.0,4,-0.006146072405927461,-43.95416259765625,5130.9970626831055,0,2708.3297958374023,0.0
2024-05-06,7164.000053405762,3375.8137741088867,0.0,3,0.007930724673641532,56.36866760253906,3788.186279296875,0,1399.1794509887695,0.0
2024-05-07,7197.364067077637,3298.4705123901367,0.0,3,0.004657176636397864,33.364013671875,3898.8935546875,0,2512.337158203125,0.0
2024-05-08,7172.905662536621,2082.475242614746,0.0,4,-0.0033982447341929234,-24.458404541015625,5090.430419921875,0,3799.8692321777344,0.0
2024-05-09,7148.208030700684,3365.768699645996,0.0,3,-0.0034431836968009666,-24.6976318359375,3782.4393310546875,0,1283.29345703125,0.0
2024-05-10,7067.969505310059,3235.295783996582,0.0,3,-0.011224984645943459,-80.238525390625,3832.6737213134766,0,2609.275894165039,0.0
2024-05-13,7189.865219116211,1957.6044464111328,0.0,4,0.017246213882865957,121.89571380615234,5232.260772705078,0,1509.3075637817383,0.0
2024-05-14,7291.374549865723,617.8547554016113,0.0,5,0.01411839132667203,101.50933074951172,6673.519794464111,0,1463.7304573059082,0.0
2024-05-15,7403.521373748779,650.9489936828613,0.0,5,0.01538075202639555,112.14682388305664,6752.572380065918,0,2718.962646484375,0.0
2024-05-16,7599.253505706787,650.9489936828613,0.0,5,0.02643770742015139,195.7321319580078,6948.304512023926,0,0.0,0.0
2024-05-17,7462.65714263916,589.2194442749023,0.0,5,-0.017974971221192626,-136.59636306762695,6873.437698364258,0,61.729549407958984,0.0
2024-05-20,7446.478477478027,652.2531433105469,0.0,5,-0.002167949679571013,-16.178665161132812,6794.2253341674805,0,63.03369903564453,0.0
2024-05-21,7410.876121520996,1903.9767761230469,0.0,4,-0.004781099692251933,-35.60235595703125,5506.899345397949,0,1251.7236328125,0.0
2024-05-22,7499.049835205078,647.3634948730469,0.0,5,0.011897879850943482,88.17371368408203,6851.686340332031,0,1256.61328125,0.0
2024-05-23,7577.0278968811035,1972.7337074279785,0.0,4,0.010398392248301747,77.97806167602539,5604.294189453125,0,1449.3509788513184,0.0
2024-05-24,7761.582401275635,1907.0271186828613,0.0,4,0.024357110321647113,184.55450439453125,5854.555282592773,0,2701.176467895508,0.0
2024-05-27,8090.670215606689,2052.819911956787,0.0,4,0.042399577472368,329.0878143310547,6037.850303649902,0,145.79279327392578,0.0
2024-05-28,8265.917400360107,3406.9064445495605,0.0,3,0.021660403907623138,175.24718475341797,4859.010955810547,0,1714.5670318603516,0.0
2024-05-29,8189.707462310791,3339.7864265441895,0.0,3,-0.009219779772538739,-76.2099380493164,4849.921035766602,0,67.1200180053711,0.0
2024-05-30,8252.34354019165,1892.2067832946777,0.0,4,0.00764814594039076,62.636077880859375,6360.136756896973,0,1613.2357864379883,0.0
2024-05-31,7887.258106231689,654.4502716064453,0.0,5,-0.044240212756761044,-365.08543395996094,7232.807834625244,0,1237.7565116882324,0.0
2024-06-03,8033.121437072754,720.4400253295898,0.0,5,0.01849354095890665,145.86333084106445,7312.681411743164,0,65.98975372314453,0.0
2024-06-04,7884.276405334473,1876.6245498657227,0.0,4,-0.01852891592692263,-148.84503173828125,6007.65185546875,0,1156.1845245361328,0.0
2024-06-05,8103.719635009766,1959.925926208496,0.0,4,0.027833020862487512,219.44322967529297,6143.7937088012695,0,83.30137634277344,0.0
2024-06-06,8316.113632202148,2124.3287506103516,0.0,4,0.026209445385400043,212.3939971923828,6191.784881591797,0,164.40282440185547,0.0
2024-06-07,8182.510025024414,2215.3922958374023,0.0,4,-0.016065630303605638,-133.60360717773438,5967.117729187012,0,91.06354522705078,0.0
2024-06-11,7832.912254333496,704.4940719604492,0.0,5,-0.04272500365068299,-349.59777069091797,7128.418182373047,0,1510.8982238769531,0.0
2024-06-12,7679.030921936035,625.9257278442383,0.0,5,-0.019645481450698887,-153.88133239746094,7053.105194091797,0,78.56834411621094,0.0
2024-06-13,7823.2966384887695,625.9257278442383,0.0,5,0.01878696908754751,144.26571655273438,7197.370910644531,0,0.0,0.0
2024-06-14,8124.733947753906,2015.599853515625,0.0,4,0.03853072728728413,301.4373092651367,6109.134094238281,0,1389.6741256713867,0.0
2024-06-17,8001.127777099609,700.5511169433594,0.0,5,-0.015213565324002754,-123.60617065429688,7300.57666015625,0,1315.0487365722656,0.0
2024-06-18,7992.085525512695,886.2825622558594,0.0,5,-0.001130122132631639,-9.042251586914062,7105.802963256836,0,2474.038818359375,0.0
2024-06-19,8000.7408447265625,2374.8113708496094,0.0,4,0.0010829863101735615,8.655319213867188,5625.929473876953,0,1488.52880859375,0.0
2024-06-20,8206.761688232422,856.5863800048828,0.0,5,0.02575022082381917,206.02084350585938,7350.175308227539,0,1518.2249908447266,0.0
2024-06-21,8162.412185668945,2030.0773468017578,0.0,4,-0.005404019788593173,-44.34950256347656,6132.3348388671875,0,1173.490966796875,0.0
2024-06-24,8010.621047973633,2348.827194213867,0.0,4,-0.01859635782199509,-151.7911376953125,5661.793853759766,0,2665.7317810058594,0.0
2024-06-25,8103.019836425781,3541.8763885498047,0.0,3,0.011534534950385922,92.39878845214844,4561.143447875977,0,1193.0491943359375,0.0
2024-06-26,8101.291259765625,3541.8763885498047,0.0,3,-0.0002133249942676274,-1.72857666015625,4559.41487121582,0,0.0,0.0
2024-06-27,8101.096603393555,2074.4168853759766,0.0,4,-2.402782048305241e-05,-0.1946563720703125,6026.679718017578,0,1467.4595031738281,0.0
2024-06-28,8178.152847290039,1924.1444396972656,0.0,4,0.009511828789229071,77.05624389648438,6254.008407592773,0,150.27244567871094,0.0
2024-07-01,8127.203063964844,1924.1444396972656,0.0,4,-0.006229986682393496,-50.94978332519531,6203.058624267578,0,0.0,0.0
2024-07-02,8107.275787353516,1924.1444396972656,0.0,4,-0.0024519230606755427,-19.927276611328125,6183.13134765625,0,0.0,0.0
2024-07-03,8173.548027038574,1924.1444396972656,0.0,4,0.008174415355209241,66.2722396850586,6249.403587341309,0,0.0,0.0
2024-07-04,8078.808631896973,1924.1444396972656,0.0,4,-0.011590975525952563,-94.73939514160156,6154.664192199707,0,0.0,0.0
2024-07-05,8055.332649230957,1924.1444396972656,0.0,4,-0.0029058718600323274,-23.475982666015625,6131.188209533691,0,0.0,0.0
2024-07-08,7836.340660095215,1790.2636489868164,0.0,4,-0.02718596471079926,-218.9919891357422,6046.077011108398,0,133.88079071044922,0.0
2024-07-09,7759.772888183594,1790.2636489868164,0.0,4,-0.009770858010490158,-76.5677719116211,5969.509239196777,0,0.0,0.0
2024-07-10,7755.855438232422,3659.2587280273438,0.0,3,-0.0005048407998045068,-3.917449951171875,4096.596710205078,0,2015.7202529907227,0.0
2024-07-11,7790.939186096191,3733.7781524658203,0.0,3,0.00452351750792368,35.08374786376953,4057.161033630371,0,74.51942443847656,0.0
2024-07-12,7764.147026062012,2351.0601387023926,0.0,4,-0.003438887070507879,-26.792160034179688,5413.086887359619,0,1382.7180137634277,0.0
2024-07-15,7783.755554199219,2426.1579780578613,0.0,4,0.0025255225166893602,19.60852813720703,5357.597576141357,0,75.09783935546875,0.0
2024-07-16,7733.181503295898,2353.759418487549,0.0,4,-0.006497384270506279,-50.57405090332031,5379.42208480835,0,72.3985595703125,0.0
2024-07-17,7726.401870727539,2353.759418487549,0.0,4,-0.0008766938375195377,-6.779632568359375,5372.64245223999,0,0.0,0.0
2024-07-18,7680.319976806641,2353.759418487549,0.0,4,-0.005964211374441364,-46.08189392089844,5326.560558319092,0,0.0,0.0
2024-07-19,7529.624969482422,2353.759418487549,0.0,4,-0.01962092826591777,-150.69500732421875,5175.865550994873,0,0.0,0.0
2024-07-22,7426.1755447387695,2301.2551193237305,0.0,4,-0.013738987687027304,-103.44942474365234,5124.920425415039,0,52.50429916381836,0.0
2024-07-23,7656.189979553223,2301.2551193237305,0.0,4,0.030973471261046548,230.01443481445312,5354.934860229492,0,0.0,0.0
2024-07-26,7577.381996154785,2200.1994552612305,0.0,4,-0.010293368321437124,-78.8079833984375,5377.182540893555,0,2301.35107421875,0.0
2024-07-29,7454.187454223633,1979.686149597168,0.0,4,-0.01625819339630341,-123.19454193115234,5474.501304626465,0,2640.2982177734375,0.0
2024-07-30,7657.535884857178,2403.16015625,0.0,4,0.02727975810674388,203.34843063354492,5254.375728607178,0,2623.769416809082,0.0
2024-07-31,7699.163635253906,984.6085205078125,0.0,5,0.005436180910238786,41.627750396728516,6714.555114746094,0,1418.5516357421875,0.0
2024-08-01,7873.846092224121,2094.535400390625,0.0,4,0.022688497770115834,174.68245697021484,5779.310691833496,0,1109.9268798828125,0.0
2024-08-02,7653.670272827148,578.9135055541992,0.0,5,-0.027962931560779336,-220.17581939697266,7074.756767272949,0,1784.1524276733398,0.0
2024-08-05,7107.633323669434,578.9135055541992,0.0,5,-0.07134315037013184,-546.0369491577148,6528.719818115234,0,0.0,0.0
2024-08-06,7200.3400955200195,516.8573608398438,0.0,5,0.013043268782853445,92.70677185058594,6683.482734680176,0,215.5295181274414,0.0
2024-08-07,7607.4475021362305,897.5335083007812,0.0,5,0.05654002466765551,407.10740661621094,6709.913993835449,0,2571.4515380859375,0.0
2024-08-08,7340.369956970215,821.5680389404297,0.0,5,-0.03510737932677399,-267.0775451660156,6518.801918029785,0,75.96546936035156,0.0
2024-08-09,7464.277435302734,344.39015197753906,0.0,5,0.016880277024029278,123.90747833251953,7119.887283325195,0,2703.2252502441406,0.0
2024-08-12,7820.655796051025,813.7403526306152,0.0,5,0.04774452233819426,356.378360748291,7006.91544342041,0,2762.022319793701,0.0
2024-08-13,7782.162494659424,737.4856758117676,0.0,5,-0.004922004291639914,-38.49330139160156,7044.676818847656,0,76.25467681884766,0.0
2024-08-14,7655.674793243408,895.0476417541504,0.0,5,-0.016253541544887895,-126.48770141601562,6760.627151489258,0,157.5619659423828,0.0
2024-08-15,7742.958377838135,972.5555534362793,0.0,5,0.011401161485041111,87.28358459472656,6770.4028244018555,0,77.5079116821289,0.0
2024-08-16,7938.705219268799,737.1000556945801,0.0,5,0.02528062684553878,195.74684143066406,7201.605163574219,0,235.45549774169922,0.0
2024-08-19,7909.094470977783,2360.770221710205,0.0,4,-0.0037299216274140345,-29.610748291015625,5548.324249267578,0,1623.670166015625,0.0
2024-08-20,7925.162036895752,3921.5720710754395,0.0,3,0.0020315304080547048,16.06756591796875,4003.5899658203125,0,1560.8018493652344,0.0
2024-08-21,7923.07710647583,3921.5720710754395,0.0,3,-0.0002630773238724293,-2.084930419921875,4001.5050354003906,0,0.0,0.0
2024-08-22,7909.580707550049,3921.5720710754395,0.0,3,-0.001703428951202568,-13.49639892578125,3988.0086364746094,0,0.0,0.0
2024-08-23,7903.233570098877,3921.5720710754395,0.0,3,-0.0008024619364606078,-6.347137451171875,3981.6614990234375,0,0.0,0.0
2024-08-26,7924.964252471924,2494.6238288879395,0.0,4,0.0027495938441277623,21.730682373046875,5430.340423583984,0,1426.9482421875,0.0
2024-08-27,7902.811435699463,3917.126865386963,0.0,3,-0.002795320719024219,-22.152816772460938,3985.6845703125,0,1422.5030364990234,0.0
2024-08-28,7920.535678863525,3825.037754058838,0.0,3,0.0022427769292325817,17.7242431640625,4095.4979248046875,0,2522.8232421875,0.0
2024-08-29,7951.444004058838,3961.961582183838,0.0,3,0.0039023023755568875,30.9083251953125,3989.482421875,0,2508.178466796875,0.0
2024-08-30,8018.861423492432,3912.304843902588,0.0,3,0.008478638521403292,67.41741943359375,4106.556579589844,0,2452.6337890625,0.0
2024-09-02,7879.577793121338,3912.304843902588,0.0,3,-0.01736950210450605,-139.28363037109375,3967.27294921875,0,0.0,0.0
2024-09-03,7881.3752784729,3993.775302886963,0.0,3,0.00022811950065793063,1.7974853515625,3887.5999755859375,0,2341.6962890625,0.0
2024-09-04,7737.12283706665,1948.1355018615723,0.0,4,-0.018302953013829892,-144.25244140625,5788.987335205078,0,2045.6398010253906,0.0
2024-09-05,7771.064151763916,2401.7424354553223,0.0,4,0.004386813472142537,33.941314697265625,5369.321716308594,0,2669.07373046875,0.0
2024-09-06,7758.973239898682,2034.2783851623535,0.0,4,-0.0015558888241180568,-12.090911865234375,5724.694854736328,0,2671.9450073242188,0.0
2024-09-09,7779.818058013916,2435.308078765869,0.0,4,0.002686543369945449,20.844818115234375,5344.509979248047,0,2840.6101989746094,0.0
2024-09-10,7754.251979827881,2435.308078765869,0.0,4,-0.0032862051522786206,-25.566078186035156,5318.943901062012,0,0.0,0.0
2024-09-11,7790.979892730713,2435.308078765869,0.0,4,0.0047364868975598995,36.72791290283203,5355.671813964844,0,0.0,0.0
2024-09-12,7953.485813140869,2907.9405250549316,0.0,4,0.020858213298917683,162.50592041015625,5045.5452880859375,0,2673.3787841796875,0.0
2024-09-13,7949.778903961182,2907.9405250549316,0.0,4,-0.00046607352634775445,-3.7069091796875,5041.83837890625,0,0.0,0.0
2024-09-16,7939.170383453369,3912.742374420166,0.0,3,-0.0013344422072576467,-10.6085205078125,4026.428009033203,0,3899.2003479003906,0.0
2024-09-18,7841.515079498291,4187.962100982666,0.0,3,-0.012300441889823821,-97.65530395507812,3653.552978515625,0,2550.029296875,0.0
2024-09-19,8022.2446937561035,2590.6097297668457,0.0,4,0.023047792732087125,180.7296142578125,5431.634963989258,0,1597.3523712158203,0.0
2024-09-20,7902.906681060791,3842.144748687744,0.0,3,-0.014875887890604456,-119.3380126953125,4060.761932373047,0,1251.5350189208984,0.0
2024-09-23,7937.443332672119,2714.014377593994,0.0,4,0.004370120134923772,34.536651611328125,5223.428955078125,0,1128.13037109375,0.0
2024-09-24,7951.2027015686035,2584.205799102783,0.0,4,0.0017334761735996462,13.759368896484375,5366.99690246582,0,2483.741928100586,0.0
2024-09-25,8097.371921539307,2656.346652984619,0.0,4,0.01838328432274361,146.16921997070312,5441.0252685546875,0,5442.368637084961,0.0
2024-09-26,8268.23678970337,4329.687351226807,0.0,3,0.02110127456410349,170.8648681640625,3938.5494384765625,0,3957.2542724609375,0.0
2024-09-27,8361.554904937744,4329.687351226807,0.0,3,0.01128633801956247,93.318115234375,4031.8675537109375,0,0.0,0.0
2024-09-30,8154.805759429932,2701.7866249084473,0.0,4,-0.024726160129107222,-206.7491455078125,5453.019134521484,0,3915.4109802246094,0.0
2024-10-01,8120.2266273498535,2797.4182777404785,0.0,4,-0.004240337918544834,-34.579132080078125,5322.808349609375,0,95.63165283203125,0.0
2024-10-04,7955.7676429748535,2625.2427253723145,0.0,4,-0.020253004247576478,-164.458984375,5330.524917602539,0,172.17555236816406,0.0
2024-10-07,7936.823566436768,2507.125705718994,0.0,4,-0.002381175191160101,-18.944076538085938,5429.697860717773,0,2234.6790313720703,0.0
2024-10-08,7987.36332321167,2507.125705718994,0.0,4,0.006367756111982148,50.539756774902344,5480.237617492676,0,0.0,0.0
2024-10-09,7905.088428497314,2678.0220680236816,0.0,4,-0.01030063255984115,-82.27489471435547,5227.066360473633,0,2228.1153564453125,0.0
2024-10-11,7979.087085723877,2678.0220680236816,0.0,4,0.009360889241896597,73.9986572265625,5301.065017700195,0,0.0,0.0
2024-10-14,8078.9076499938965,4017.876491546631,0.0,3,0.012510273819246631,99.82056427001953,4061.0311584472656,0,4063.509834289551,0.0
2024-10-15,8124.999996185303,2405.5753135681152,0.0,4,0.005705269596866902,46.09234619140625,5719.4246826171875,0,6699.238922119141,0.0
2024-10-16,8130.323390960693,2405.5753135681152,0.0,4,0.0006551870495865586,5.323394775390625,5724.748077392578,0,0.0,0.0
2024-10-17,8210.506801605225,2394.408908843994,0.0,4,0.009862265839717832,80.18341064453125,5816.0978927612305,0,2383.326759338379,0.0
2024-10-18,8052.37854385376,2508.703098297119,0.0,4,-0.019259256653992307,-158.12825775146484,5543.675445556641,0,2250.63720703125,0.0
2024-10-21,8277.268711090088,1262.1871070861816,0.0,5,0.027928414692821812,224.89016723632812,7015.081604003906,0,1246.5159912109375,0.0
2024-10-22,8413.720546722412,2251.578113555908,0.0,4,0.016485128173923114,136.45183563232422,6162.142433166504,0,4699.996200561523,0.0
2024-10-23,8461.880802154541,907.6031684875488,0.0,5,0.005724014146261336,48.160255432128906,7554.277633666992,0,4653.269989013672,0.0
2024-10-24,8338.343769073486,2241.4753608703613,0.0,4,-0.014599240519861723,-123.53703308105469,6096.868408203125,0,4524.6253662109375,0.0
2024-10-25,8437.71382522583,2227.955768585205,0.0,4,0.011917241469571183,99.37005615234375,6209.758056640625,0,3292.8632202148438,0.0
2024-10-28,8391.54228591919,2313.3687171936035,0.0,4,-0.005472043762447143,-46.171539306640625,6078.173568725586,0,85.41294860839844,0.0
2024-10-29,8284.306812286377,2628.9307746887207,0.0,4,-0.012778994608982797,-107.2354736328125,5655.376037597656,0,2914.705276489258,0.0
2024-10-30,8338.529224395752,2628.9307746887207,0.0,4,0.006545196036071177,54.222412109375,5709.598449707031,0,0.0,0.0
2024-11-01,8443.42265701294,1170.7239265441895,0.0,5,0.012579368590602824,104.8934326171875,7272.69873046875,0,1821.452880859375,0.0
2024-11-04,8426.093112945557,2301.108486175537,0.0,4,-0.0020524311966059194,-17.329544067382812,6124.9846267700195,0,1303.5241317749023,0.0
2024-11-05,8565.178424835205,2392.402011871338,0.0,4,0.016506500702675897,139.08531188964844,6172.776412963867,0,91.29352569580078,0.0
2024-11-06,8590.460758209229,2302.168918609619,0.0,4,0.0029517579342790423,25.282333374023438,6288.291839599609,0,90.23309326171875,0.0
2024-11-07,8907.876430511475,2213.6710777282715,0.0,4,0.03694978432896234,317.4156723022461,6694.205352783203,0,88.49784088134766,0.0
2024-11-08,8885.246425628662,2304.0005683898926,0.0,4,-0.0025404489004022812,-22.6300048828125,6581.2458572387695,0,90.3294906616211,0.0
2024-11-11,8901.173557281494,2304.0005683898926,0.0,4,0.0017925368515263607,15.927131652832031,6597.172988891602,0,0.0,0.0
2024-11-12,8688.38772201538,2304.0005683898926,0.0,4,-0.02390536864569348,-212.78583526611328,6384.387153625488,0,0.0,0.0
2024-11-13,8670.647052764893,2304.0005683898926,0.0,4,-0.002041882777115922,-17.74066925048828,6366.646484375,0,0.0,0.0
2024-11-14,8582.157466888428,2304.0005683898926,0.0,4,-0.010205649628910574,-88.48958587646484,6278.156898498535,0,0.0,0.0
2024-11-15,8545.53162765503,2304.0005683898926,0.0,4,-0.0042676727122180624,-36.62583923339844,6241.531059265137,0,0.0,0.0
2024-11-18,8399.885089874268,2304.0005683898926,0.0,4,-0.017043590045284107,-145.64653778076172,6095.884521484375,0,0.0,0.0
2024-11-19,8537.698223114014,2393.9444541931152,0.0,4,0.016406549823624994,137.8131332397461,6143.753768920898,0,89.94388580322266,0.0
2024-11-20,8578.536479949951,2238.358196258545,0.0,4,0.004783286521579777,40.8382568359375,6340.178283691406,0,155.5862579345703,0.0
2024-11-21,8707.361644744873,2396.908000946045,0.0,4,0.015017149498171012,128.82516479492188,6310.453643798828,0,158.5498046875,0.0
2024-11-22,8639.708843231201,2670.303997039795,0.0,4,-0.007769609701981595,-67.65280151367188,5969.404846191406,0,2907.4786376953125,0.0
2024-11-25,8695.05115890503,2211.5604209899902,0.0,4,0.006405576469997065,55.342315673828125,6483.490737915039,0,2971.4833221435547,0.0
2024-11-26,8611.167957305908,2727.9168815612793,0.0,4,-0.009647234969194174,-83.8832015991211,5883.251075744629,0,2920.703384399414,0.0
2024-11-27,8417.338710784912,2646.4564476013184,0.0,4,-0.02250905422841587,-193.8292465209961,5770.882263183594,0,81.46043395996094,0.0
2024-11-28,8305.24758529663,2646.4564476013184,0.0,4,-0.013316694187993416,-112.09112548828125,5658.7911376953125,0,0.0,0.0
2024-11-29,8452.594203948975,3739.0538749694824,0.0,3,0.01774138785617918,147.34661865234375,4713.540328979492,0,1252.626205444336,0.0
2024-12-02,8475.627979278564,2581.2228202819824,0.0,4,0.0027250539625844894,23.033775329589844,5894.405158996582,0,1157.8310546875,0.0
2024-12-03,8594.271259307861,1266.5073127746582,0.0,5,0.013998169848813413,118.64328002929688,7327.763946533203,0,1480.7212600708008,0.0
2024-12-04,8838.807270050049,2890.625347137451,0.0,4,0.02845337357455957,244.5360107421875,5948.181922912598,0,1790.509407043457,0.0
2024-12-05,8779.544918060303,2890.625347137451,0.0,4,-0.006704790610216671,-59.262351989746094,5888.919570922852,0,0.0,0.0
2024-12-06,8742.891330718994,4092.7988090515137,0.0,3,-0.004174884653293187,-36.653587341308594,4650.0925216674805,0,1202.1734619140625,0.0
2024-12-09,8815.017658233643,5650.548809051514,0.0,2,0.008249711083703648,72.12632751464844,3164.468849182129,0,1557.75,0.0
2024-12-10,8754.987941741943,5650.548809051514,0.0,2,-0.006809937179834025,-60.02971649169922,3104.4391326904297,0,0.0,0.0
2024-12-11,8769.976741790771,5650.548809051514,0.0,2,0.0017120297764621206,14.988800048828125,3119.427932739258,0,0.0,0.0
2024-12-12,8710.147876739502,4266.148380279541,0.0,3,-0.006822009546065599,-59.82886505126953,4443.999496459961,0,1384.4004287719727,0.0
2024-12-13,8787.874332427979,5571.7876625061035,0.0,2,0.008923666599971902,77.72645568847656,3216.086669921875,0,1305.6392822265625,0.0
2024-12-16,8712.990131378174,5571.7876625061035,0.0,2,-0.008521309957002399,-74.88420104980469,3141.2024688720703,0,0.0,0.0
2024-12-17,8776.029361724854,4108.4863929748535,0.0,3,0.007235085704924149,63.03923034667969,4667.54296875,0,1463.30126953125,0.0
2024-12-18,8694.995319366455,4108.4863929748535,0.0,3,-0.009233565547514533,-81.03404235839844,4586.508926391602,0,0.0,0.0
2024-12-19,8656.673999786377,3847.6685829162598,0.0,3,-0.004407284670380984,-38.321319580078125,4809.005416870117,0,3190.4987182617188,0.0
2024-12-20,8616.455631256104,4098.685977935791,0.0,3,-0.004645937750603291,-40.21836853027344,4517.7696533203125,0,3239.9236450195312,0.0
2024-12-23,8722.179141998291,4395.685001373291,0.0,3,0.012269953594222338,105.7235107421875,4326.494140625,0,296.9990234375,0.0
2024-12-24,8775.673862457275,4395.685001373291,0.0,3,0.006133182956699512,53.494720458984375,4379.988861083984,0,0.0,0.0
2024-12-25,8788.015567779541,4215.758441925049,0.0,3,0.001406354146211486,12.341705322265625,4572.257125854492,0,3180.677780151367,0.0
2024-12-26,8788.595691680908,4136.418872833252,0.0,3,6.601307165343684e-05,0.5801239013671875,4652.176818847656,0,79.33956909179688,0.0
2024-12-27,8775.74605178833,4320.381580352783,0.0,3,-0.0014620811268791778,-12.849639892578125,4455.364471435547,0,3251.8359985351562,0.0
2024-12-30,8697.375415802002,4320.381580352783,0.0,3,-0.008930367346985602,-78.37063598632812,4376.993835449219,0,0.0,0.0
2024-12-31,8812.384265899658,4320.381580352783,0.0,3,0.013223397243345314,115.00885009765625,4492.002685546875,0,0.0,0.0
2025-01-02,8599.664966583252,5808.912097930908,0.0,2,-0.024138677218099036,-212.71929931640625,2790.7528686523438,0,1488.530517578125,0.0
2025-01-03,8557.704517364502,4359.957263946533,0.0,3,-0.00487931208736625,-41.96044921875,4197.747253417969,0,1448.954833984375,0.0
2025-01-06,8648.936878204346,4359.957263946533,0.0,3,0.010660844932741442,91.23236083984375,4288.9796142578125,0,0.0,0.0
2025-01-07,8639.070941925049,4359.957263946533,0.0,3,-0.0011407108663447074,-9.865936279296875,4279.113677978516,0,0.0,0.0
2025-01-08,8592.265308380127,4146.5739402771,0.0,3,-0.005417901283548465,-46.805633544921875,4445.691368103027,0,3190.4167709350586,0.0
2025-01-09,8410.253566741943,3971.391628265381,0.0,3,-0.021183207816065197,-182.0117416381836,4438.8619384765625,0,3368.1823120117188,0.0
2025-01-10,8371.757411956787,4253.0712242126465,0.0,3,-0.004577288244600353,-38.49615478515625,4118.686187744141,0,281.6795959472656,0.0
2025-01-13,8208.893886566162,4253.0712242126465,0.0,3,-0.019453923158119557,-162.863525390625,3955.8226623535156,0,0.0,0.0
2025-01-14,8260.71877670288,4253.0712242126465,0.0,3,0.006313261062069531,51.82489013671875,4007.6475524902344,0,0.0,0.0
2025-01-15,8174.239864349365,4253.0712242126465,0.0,3,-0.010468691005122488,-86.47891235351562,3921.1686401367188,0,0.0,0.0
2025-01-16,8342.106014251709,4007.1308822631836,0.0,3,0.020535995112458627,167.86614990234375,4334.975131988525,0,3035.054599761963,0.0
2025-01-17,8363.838150024414,5287.589332580566,0.0,2,0.0026051138328351264,21.732135772705078,3076.2488174438477,0,1280.4584503173828,0.0
2025-01-20,8375.235893249512,3588.0061798095703,0.0,3,0.0013627407681322534,11.397743225097656,4787.229713439941,0,1699.583152770996,0.0
2025-01-21,8283.803245544434,2247.4400177001953,0.0,4,-0.010917023576467066,-91.43264770507812,6036.363227844238,0,1340.566162109375,0.0
2025-01-22,8295.73000907898,5192.298011779785,0.0,2,0.0014397690506424698,11.926763534545898,3103.4319972991943,0,2944.85799407959,0.0
2025-02-03,8150.300464630127,3511.9752082824707,0.0,3,-0.017530650622632593,-145.42954444885254,4638.325256347656,0,1680.3228034973145,0.0
2025-02-04,8180.269023895264,3423.9513969421387,0.0,3,0.003676988277326876,29.96855926513672,4756.317626953125,0,88.02381134033203,0.0
2025-02-05,8237.378276824951,3417.9768867492676,0.0,3,0.006981341660386331,57.1092529296875,4819.401390075684,0,60.974510192871094,0.0
2025-02-06,8323.176708221436,5089.24369430542,0.0,2,0.010415744975299956,85.79843139648438,3233.9330139160156,0,1671.2668075561523,0.0
2025-02-07,8280.790599822998,5023.182071685791,0.0,2,-0.00509253976988977,-42.3861083984375,3257.608528137207,0,66.0616226196289,0.0
2025-02-10,8268.43037033081,5025.187694549561,0.0,2,-0.0014926388178988503,-12.3602294921875,3243.24267578125,0,3306.0056228637695,0.0
2025-02-11,8356.019662857056,5338.074083328247,0.0,2,0.010593218858144793,87.58929252624512,3017.9455795288086,0,368.086389541626,0.0
2025-02-12,8346.345911026001,5026.423036575317,0.0,2,-0.0011576985480366009,-9.673751831054688,3319.9228744506836,0,3659.6510009765625,0.0
2025-02-13,8409.99394416809,3445.1740398406982,0.0,3,0.0076258561316044915,63.648033142089844,4964.819904327393,0,1728.9509620666504,0.0
2025-02-14,8561.012201309204,3477.474039077759,0.0,3,0.01795699951078289,151.01825714111328,5083.538162231445,0,32.29999923706055,0.0
2025-02-17,8844.73578453064,3905.4390811920166,0.0,3,0.033141359520320046,283.72358322143555,4939.296703338623,0,427.9650421142578,0.0
2025-02-18,8857.702337265015,3938.826192855835,0.0,3,0.0014660192288675766,12.966552734375,4918.87614440918,0,109.01288223266602,0.0
2025-02-19,9043.343412399292,4071.5757274627686,0.0,3,0.02095815235891041,185.64107513427734,4971.767684936523,0,3639.898338317871,0.0
2025-02-20,9012.432851791382,4071.5757274627686,0.0,3,-0.003418045649524748,-30.910560607910156,4940.857124328613,0,0.0,0.0
2025-02-21,9136.833471298218,2428.052816390991,0.0,4,0.013803222898033374,124.40061950683594,6708.780654907227,0,1809.3229141235352,0.0
2025-02-24,9152.430898666382,3822.377035140991,0.0,3,0.001707093318178643,15.597427368164062,5330.053863525391,0,1394.32421875,0.0
2025-02-25,9178.161672592163,3908.177038192749,0.0,3,0.002811359540505265,25.73077392578125,5269.984634399414,0,85.80000305175781,0.0
2025-02-26,9083.471334457397,3866.77703666687,0.0,3,-0.010316917647847701,-94.69033813476562,5216.694297790527,0,41.400001525878906,0.0
2025-02-27,8791.126760482788,3789.4770336151123,0.0,3,-0.03218423477218724,-292.3445739746094,5001.649726867676,0,77.30000305175781,0.0
2025-03-03,8685.704023361206,3751.7270336151123,0.0,3,-0.011991948244390094,-105.42273712158203,4933.976989746094,0,37.75,0.0
2025-03-04,8704.728116989136,3789.8270320892334,0.0,3,0.0021902765252836964,19.024093627929688,4914.901084899902,0,38.099998474121094,0.0
2025-03-05,8711.688234329224,3789.8270320892334,0.0,3,0.0007995789468144832,6.960117340087891,4921.86120223999,0,0.0,0.0
2025-03-06,8573.372438430786,3753.027032852173,0.0,3,-0.015877036939108025,-138.3157958984375,4820.345405578613,0,36.79999923706055,0.0
2025-03-07,8627.485277175903,3872.877035140991,0.0,3,0.006311733117128071,54.11283874511719,4754.608242034912,0,119.85000228881836,0.0
2025-03-10,8590.66830253601,3872.877035140991,0.0,3,-0.004267405096278987,-36.81697463989258,4717.7912673950195,0,0.0,0.0
2025-03-11,8432.174306869507,2642.557455062866,0.0,4,-0.01844955364179479,-158.4939956665039,5789.616851806641,0,1230.319580078125,0.0
2025-03-12,8580.553258895874,3915.9770336151123,0.0,3,0.017596760530138145,148.3789520263672,4664.576225280762,0,1273.419578552246,0.0
2025-03-13,8613.636350631714,2241.336042404175,0.0,4,0.003855589580024077,33.083091735839844,6372.300308227539,0,1757.8409881591797,0.0
2025-03-14,8742.31782913208,4062.2015266418457,0.0,3,0.014939274571410088,128.6814785003662,4680.116302490234,0,1820.865484237671,0.0
2025-03-17,8748.85737991333,4019.7515258789062,0.0,3,0.0007480339778380696,6.53955078125,4729.105854034424,0,42.45000076293945,0.0
2025-03-18,8721.960136413574,2800.86270904541,0.0,4,-0.003074372153043625,-26.89724349975586,5921.097427368164,0,1218.888816833496,0.0
2025-03-19,8674.954933166504,2561.9272842407227,0.0,4,-0.005389293520252081,-47.00520324707031,6113.027648925781,0,323.4354248046875,0.0
2025-03-20,8883.167743682861,2102.6320610046387,0.0,4,0.024001601405479134,208.21281051635742,6780.535682678223,0,3080.8188514709473,0.0
2025-03-21,8705.240352630615,3578.7046394348145,0.0,3,-0.02002972320080032,-177.9273910522461,5126.535713195801,0,1642.2787399291992,0.0
2025-03-24,8550.35168838501,3704.825107574463,0.0,3,-0.01779257757068131,-154.88866424560547,4845.526580810547,0,3303.6611404418945,0.0
2025-03-25,8517.021091461182,3531.3465309143066,0.0,3,-0.0038981550863113057,-33.330596923828125,4985.674560546875,0,3302.1072387695312,0.0
2025-03-26,8579.311908721924,1823.1358375549316,0.0,4,0.007313685922792024,62.29081726074219,6756.176071166992,0,1708.210693359375,0.0
2025-03-27,8527.268394470215,1852.0754928588867,0.0,4,-0.0060661641405996836,-52.043514251708984,6675.192901611328,0,131.86931228637695,0.0
2025-03-28,8317.887386322021,1862.5694580078125,0.0,4,-0.02455428848515817,-209.38100814819336,6455.317928314209,0,91.09396362304688,0.0
2025-03-31,7955.571418762207,3367.772605895996,0.0,3,-0.04355865266408976,-362.31596755981445,4587.798812866211,0,1580.0031509399414,0.0
2025-04-01,8050.565933227539,3419.038059234619,0.0,3,0.011940627450254482,94.99451446533203,4631.52787399292,0,3232.884449005127,0.0
2025-04-02,8220.54761505127,1712.4793663024902,0.0,4,0.021114252492754115,169.98168182373047,6508.068248748779,0,4776.706245422363,0.0
2025-04-07,7575.894023895264,2142.282642364502,0.0,4,-0.07841978677621042,-644.6535911560059,5433.611381530762,0,2487.1627044677734,0.0
2025-04-08,7051.926265716553,2311.433292388916,0.0,4,-0.06916249838316835,-523.9677581787109,4740.492973327637,0,2551.6807250976562,0.0
2025-04-09,6624.812480926514,1989.7150115966797,0.0,4,-0.06056696691037222,-427.11378479003906,4635.097469329834,0,2346.999713897705,0.0
2025-04-10,7085.637172698975,1580.2129096984863,0.0,4,0.06956041293232373,460.82469177246094,5505.424263000488,0,2404.1313438415527,0.0
2025-04-11,7202.459030151367,1536.6453704833984,0.0,4,0.01648713511644484,116.82185745239258,5665.813659667969,0,2857.200984954834,0.0
2025-04-14,7578.92696762085,859.7266502380371,0.0,5,0.05226936187953157,376.4679374694824,6719.2003173828125,0,6843.050800323486,0.0
2025-04-15,7771.141822814941,3440.842674255371,0.0,3,0.025361750550610074,192.2148551940918,4330.29914855957,0,5683.050434112549,0.0
2025-04-16,7559.718955993652,3346.386131286621,0.0,3,-0.027206152151358576,-211.42286682128906,4213.332824707031,0,2978.83056640625,0.0
2025-04-17,7661.746253967285,3380.1117973327637,0.0,3,0.013496176057278042,102.02729797363281,4281.6344566345215,0,3154.5721855163574,0.0
2025-04-18,7798.820331573486,3481.533458709717,0.0,3,0.01789070964536621,137.07407760620117,4317.2868728637695,0,3149.294937133789,0.0
2025-04-21,7891.036403656006,2121.307918548584,0.0,4,0.011824361654952265,92.21607208251953,5769.728485107422,0,1670.6255340576172,0.0
2025-04-22,7819.313220977783,1996.5685844421387,0.0,4,-0.009089196780918685,-71.72318267822266,5822.7446365356445,0,3135.8861083984375,0.0
2025-04-23,7999.837177276611,4843.94225692749,0.0,2,0.02308693247055449,180.52395629882812,3155.894920349121,0,3001.773666381836,0.0
2025-04-24,7954.493503570557,3236.7212104797363,0.0,3,-0.005668074574674109,-45.34367370605469,4717.77229309082,0,1607.221046447754,0.0
2025-04-25,7954.030902862549,4815.167621612549,0.0,2,-5.815589739310845e-05,-0.4626007080078125,3138.86328125,0,1578.4464111328125,0.0
2025-04-28,7960.158939361572,3386.1695137023926,0.0,3,0.0007704315678254137,6.1280364990234375,4573.98942565918,0,1428.9981079101562,0.0
2025-04-29,7952.022029876709,3431.6784706115723,0.0,3,-0.001022204399038773,-8.136909484863281,4520.343559265137,0,3124.2176055908203,0.0
2025-04-30,7845.664096832275,3907.7138710021973,0.0,3,-0.013374954526639171,-106.3579330444336,3937.950225830078,0,2568.0810546875,0.0
2025-05-02,8017.618679046631,3384.5595664978027,0.0,3,0.02191714813329604,171.95458221435547,4633.059112548828,0,2661.4465408325195,0.0
2025-05-05,7816.616725921631,4843.248287200928,0.0,2,-0.025070031535710413,-201.001953125,2973.368438720703,0,1527.188720703125,0.0
2025-05-06,7857.989093780518,3819.3560523986816,0.0,3,0.005292874054024788,41.37236785888672,4038.633041381836,0,1094.692237854004,0.0
2025-05-07,7839.769855499268,3314.055995941162,0.0,3,-0.002318562429116877,-18.21923828125,4525.7138595581055,0,2653.4460525512695,0.0
2025-05-08,7853.603660583496,3353.233039855957,0.0,3,0.0017645677538000726,13.833805084228516,4500.370620727539,0,3134.6735343933105,0.0
2025-05-09,7889.882789611816,3391.8960037231445,0.0,3,0.004619424482852574,36.27912902832031,4497.986785888672,0,3133.7630004882812,0.0
2025-05-12,8119.141735076904,3363.244430541992,0.0,3,0.029057332228932475,229.2589454650879,4755.897304534912,0,3191.397315979004,0.0
2025-05-13,8488.249374389648,5130.166801452637,0.0,2,0.04546141099102852,369.10763931274414,3358.0825729370117,0,1766.9223709106445,0.0
2025-05-14,8643.921642303467,3564.4699897766113,0.0,3,0.018339737800765477,155.67226791381836,5079.4516525268555,0,1835.396816253662,0.0
2025-05-15,8719.65676498413,2191.631824493408,0.0,4,0.008761662335069698,75.73512268066406,6528.024940490723,0,4878.0467529296875,0.0
2025-05-16,8727.03828048706,2192.4473838806152,0.0,4,0.0008465373926840325,7.3815155029296875,6534.590896606445,0,3425.045783996582,0.0
2025-05-19,8607.717655181885,3648.2643814086914,0.0,3,-0.013672522277341947,-119.32062530517578,4959.453273773193,0,1543.716999053955,0.0
2025-05-20,8623.82543182373,3693.5143814086914,0.0,3,0.0018713179598948138,16.107776641845703,4930.311050415039,0,45.25,0.0
2025-05-21,8623.702934265137,3649.8643798828125,0.0,3,-1.4204549890539653e-05,-0.12249755859375,4973.838554382324,0,43.650001525878906,0.0
2025-05-22,8744.960815429688,3728.9640197753906,0.0,3,0.014060999328113333,121.25788116455078,5015.996795654297,0,164.7996368408203,0.0
2025-05-23,8732.960845947266,3686.41402053833,0.0,3,-0.0013722153518685998,-11.999969482421875,5046.546825408936,0,42.54999923706055,0.0
2025-05-26,8597.698944091797,3616.422653198242,0.0,3,-0.015488664639810024,-135.26190185546875,4981.276290893555,0,155.59136581420898,0.0
2025-05-27,8571.240913391113,3616.422653198242,0.0,3,-0.0030773385847460144,-26.458030700683594,4954.818260192871,0,0.0,0.0
2025-05-28,8457.494102478027,3616.422653198242,0.0,3,-0.013270751815571469,-113.74681091308594,4841.071449279785,0,0.0,0.0
2025-05-29,8553.34041595459,3648.957546234131,0.0,3,0.011332708283944282,95.8463134765625,4904.382869720459,0,240.7651023864746,0.0
2025-06-02,8541.551124572754,1952.8202629089355,0.0,4,-0.001378325988270701,-11.789291381835938,6588.730861663818,0,1696.1372833251953,0.0
2025-06-03,8597.961757659912,3773.722156524658,0.0,3,0.006604261013538171,56.4106330871582,4824.239601135254,0,1820.9018936157227,0.0
2025-06-04,8736.039821624756,2036.9369468688965,0.0,4,0.01605939498879838,138.07806396484375,6699.102874755859,0,1933.7852096557617,0.0
2025-06-05,8778.792247772217,3612.165271759033,0.0,3,0.0048937993668061175,42.75242614746094,5166.626976013184,0,1775.7463150024414,0.0
2025-06-06,8721.321018218994,3809.4534034729004,0.0,3,-0.006546598658580538,-57.471229553222656,4911.867614746094,0,3262.1599884033203,0.0
2025-06-09,8659.1644821167,187.8775749206543,0.0,5,-0.0071269634465293,-62.15653610229492,8471.286907196045,0,3621.575828552246,0.0
2025-06-10,8882.446304321289,250.5105438232422,0.0,5,0.025785608145649785,223.28182220458984,8631.935760498047,0,257.3667793273926,0.0
2025-06-11,9000.249809265137,1996.8179473876953,0.0,4,0.013262506848652267,117.80350494384766,7003.431861877441,0,1957.107406616211,0.0
2025-06-12,8958.59139251709,3703.4603424072266,0.0,3,-0.004628584498306054,-41.658416748046875,5255.131050109863,0,1904.268295288086,0.0
2025-06-13,8841.637512207031,1894.3378677368164,0.0,4,-0.01305494080327707,-116.9538803100586,6947.299644470215,0,1809.1224746704102,0.0
2025-06-16,8834.957138061523,1874.81734085083,0.0,4,-0.0007555584739008525,-6.6803741455078125,6960.139797210693,0,3427.3496284484863,0.0
2025-06-17,8798.493644714355,485.4931945800781,0.0,5,-0.004127183955435543,-36.46349334716797,8313.000450134277,0,1692.6219902038574,0.0
2025-06-18,9031.244689941406,2291.6642303466797,0.0,4,0.026453510637798106,232.75104522705078,6739.580459594727,0,2004.760971069336,0.0
2025-06-19,8934.723754882812,234.27185821533203,0.0,5,-0.01068744545988154,-96.52093505859375,8700.45189666748,0,5001.2675704956055,0.0
2025-06-20,8870.077926635742,1951.5686340332031,0.0,4,-0.0072353471713930695,-64.64582824707031,6918.509292602539,0,1835.096778869629,0.0
2025-06-23,8989.333526611328,175.4746551513672,0.0,5,0.01344470713357282,119.25559997558594,8813.858871459961,0,1993.4208221435547,0.0
2025-06-24,9062.05876159668,1978.6149864196777,0.0,4,0.008090169840740957,72.72523498535156,7083.443775177002,0,1916.5403327941895,0.0
2025-06-25,9062.172863006592,591.6149864196777,0.0,5,1.2591113444981872e-05,0.11410140991210938,8470.557876586914,0,1387.0,0.0
2025-06-26,8948.084056854248,214.82980728149414,0.0,5,-0.0125895641009095,-114.08880615234375,8733.254249572754,0,3166.014823913574,0.0
2025-06-27,9045.234325408936,192.30552291870117,0.0,5,0.010857102809653352,97.1502685546875,8852.928802490234,0,3875.9243698120117,0.0
2025-06-30,8890.842678070068,304.9203453063965,0.0,5,-0.01706883888073152,-154.3916473388672,8585.922332763672,0,112.61482238769531,0.0
2025-07-01,8796.907146453857,1992.0203742980957,0.0,4,-0.010565425012851737,-93.93553161621094,6804.886772155762,0,1786.1000289916992,0.0
2025-07-02,8789.357231140137,244.0203742980957,0.0,5,-0.0008582465618912627,-7.549915313720703,8545.336856842041,0,1748.0,0.0
2025-07-03,8957.09582901001,244.0203742980957,0.0,5,0.019084284943566177,167.73859786987305,8713.075454711914,0,0.0,0.0
2025-07-04,8815.563575744629,661.970344543457,0.0,5,-0.01580113197036359,-141.53225326538086,8153.593231201172,0,3024.8499717712402,0.0
2025-07-07,8797.410430908203,710.8703460693359,0.0,5,-0.0020592154637024684,-18.15314483642578,8086.540084838867,0,48.900001525878906,0.0
2025-07-08,8718.228073120117,710.8703460693359,0.0,5,-0.009000643815581522,-79.18235778808594,8007.357727050781,0,0.0,0.0
2025-07-09,8861.643463134766,783.4818801879883,0.0,5,0.0164500617340837,143.41539001464844,8078.161582946777,0,169.41153717041016,0.0
2025-07-10,8819.68187713623,374.1591491699219,0.0,5,-0.004735192312024239,-41.961585998535156,8445.522727966309,0,2879.3227310180664,0.0
2025-07-11,8742.922702789307,162.2227020263672,0.0,5,-0.008703168143276319,-76.75917434692383,8580.70000076294,0,3501.1634979248047,0.0
2025-07-14,8659.672733306885,2399.0726737976074,0.0,4,-0.009521983930598221,-83.24996948242188,6260.600059509277,0,4666.84997177124,0.0
2025-07-15,8732.322673797607,737.5726737976074,0.0,5,0.008389455667452195,72.64994049072266,7994.75,0,1925.5,0.0
2025-07-16,8884.172794342041,2630.7295417785645,0.0,4,0.01738943076394528,151.8501205444336,6253.443252563477,0,5012.24324798584,0.0
2025-07-17,8919.701816558838,2428.4018211364746,0.0,4,0.003999136783947366,35.529022216796875,6491.299995422363,0,3305.072395324707,0.0
2025-07-18,8875.751850128174,678.1518211364746,0.0,5,-0.004927290994086175,-43.94996643066406,8197.6000289917,0,1750.25,0.0
2025-07-21,8825.25191116333,4132.851879119873,0.0,3,-0.005689651966116482,-50.49993896484375,4692.400032043457,0,3454.7000579833984,0.0
2025-07-22,8676.451847076416,2494.851879119873,0.0,4,-0.016860715771602197,-148.80006408691406,6181.599967956543,0,1638.0,0.0
2025-07-23,8901.451847076416,4231.901878356934,0.0,3,0.025932259403458335,225.0,4669.549968719482,0,1737.0499992370605,0.0
2025-07-24,8907.401878356934,2487.701820373535,0.0,4,0.0006684337996472056,5.950031280517578,6419.700057983398,0,1744.2000579833984,0.0
2025-07-25,8929.351791381836,1937.651710510254,0.0,4,0.0024642329294961574,21.949913024902344,6991.700080871582,0,6480.850051879883,0.0
2025-07-28,9114.951679229736,2042.3517112731934,0.0,4,0.020785370784364376,185.5998878479004,7072.599967956543,0,191.29999923706055,0.0
2025-07-29,9091.401668548584,1998.6516609191895,0.0,4,-0.002583668187162824,-23.550010681152344,7092.7500076293945,0,3723.700050354004,0.0
2025-07-30,9544.851764678955,2028.7516632080078,0.0,4,0.04987680807229844,453.4500961303711,7516.100101470947,0,314.10000228881836,0.0
2025-07-31,9540.301692962646,231.20172882080078,0.0,5,-0.00047670428294610545,-4.550071716308594,9309.099964141846,0,2043.2499389648438,0.0
2025-08-04,9152.00171661377,1981.3516960144043,0.0,4,-0.040701016471554996,-388.29997634887695,7170.650020599365,0,2058.5499687194824,0.0
2025-08-05,9127.101669311523,120.90166091918945,0.0,5,-0.002720721441413665,-24.900047302246094,9006.200008392334,0,1860.4500350952148,0.0
2025-08-06,9183.651634216309,169.45166397094727,0.0,5,0.006195829404960662,56.549964904785156,9014.199970245361,0,135.25,0.0
2025-08-07,9148.001754760742,102.0017318725586,0.0,5,-0.003881884992538498,-35.649879455566406,9046.000022888184,0,3603.4499320983887,0.0
2025-08-08,9148.551639556885,113.10173416137695,0.0,5,6.010982626403205e-05,0.5498847961425781,9035.449905395508,0,164.70000076293945,0.0
2025-08-11,9441.951629638672,54.95173263549805,0.0,5,0.032070649173927324,293.3999900817871,9386.999897003174,0,273.5499954223633,0.0
2025-08-12,9890.951961517334,149.85173416137695,0.0,5,0.047553763193324494,449.0003318786621,9741.100227355957,0,94.9000015258789,0.0
2025-08-13,9837.851665496826,78.35173416137695,0.0,5,-0.005368572835769969,-53.10029602050781,9759.49993133545,0,156.6999969482422,0.0
2025-08-14,9804.551677703857,117.6517333984375,0.0,5,-0.003384884111412023,-33.29998779296875,9686.89994430542,0,39.29999923706055,0.0
2025-08-15,10034.751804351807,125.9017333984375,0.0,5,0.02347890390250451,230.20012664794922,9908.85007095337,0,87.75,0.0
2025-08-18,10185.901782989502,40.801734924316406,0.0,5,0.015062652428747159,151.1499786376953,10145.100048065186,0,270.0999984741211,0.0
2025-08-19,9793.851802825928,111.2517318725586,0.0,5,-0.03848947187163132,-392.0499801635742,9682.60007095337,0,239.0500030517578,0.0
2025-08-20,9504.851613998413,111.2517318725586,0.0,5,-0.02950832773925849,-289.00018882751465,9393.599882125854,0,0.0,0.0
2025-08-21,10124.401739120483,127.20173263549805,0.0,5,0.06518251418145438,619.5501251220703,9997.200006484985,0,193.45000076293945,0.0
2025-08-22,10040.801593780518,115.20173645019531,0.0,5,-0.00825729238073758,-83.60014533996582,9925.599857330322,0,160.89999771118164,0.0
2025-08-25,10149.101852416992,90.60173416137695,0.0,5,0.010786017194439834,108.30025863647461,10058.500118255615,0,203.60000228881836,0.0
2025-08-26,10234.351852416992,31.551734924316406,0.0,5,0.008399758051467199,85.25,10202.800117492676,0,147.85000228881836,0.0
2025-08-27,10202.351558685303,114.70173263549805,0.0,5,-0.0031267533296827077,-32.00029373168945,10087.649826049805,0,163.14999771118164,0.0
2025-08-28,9932.501693725586,110.80173110961914,0.0,5,-0.02644977125200043,-269.8498649597168,9821.699962615967,0,82.0999984741211,0.0
2025-08-29,9933.301902770996,731.3517684936523,0.0,5,8.056470263828608e-05,0.8002090454101562,9201.950134277344,0,3360.850040435791,0.0
2025-09-01,9894.801643371582,172.1517677307129,0.0,5,-0.0038758773040689087,-38.50025939941406,9722.64987564087,0,3289.7999992370605,0.0
2025-09-02,9653.901988983154,166.60176467895508,0.0,5,-0.024346082222861276,-240.89965438842773,9487.3002243042,0,3880.4500045776367,0.0
2025-09-03,9635.301677703857,654.3517265319824,0.0,5,-0.0019267143275872867,-18.600311279296875,8980.949951171875,0,7087.749961853027,0.0
2025-09-04,9731.651832580566,745.651725769043,0.0,5,0.009999702977610214,96.35015487670898,8986.000106811523,0,2769.1000022888184,0.0
2025-09-05,9934.001712799072,193.60168838500977,0.0,5,0.02079296338377623,202.34988021850586,9740.400024414062,0,7336.050037384033,0.0
2025-09-08,9964.251689910889,193.60168838500977,0.0,5,0.003045094815399718,30.249977111816406,9770.650001525879,0,0.0,0.0
2025-09-09,10067.551746368408,2172.4516105651855,0.0,4,0.010367066155315463,103.30005645751953,7895.100135803223,0,2056.1499252319336,0.0
2025-09-10,10132.951759338379,743.5516090393066,0.0,5,0.006496118879504298,65.4000129699707,9389.400150299072,0,5390.900001525879,0.0
2025-09-11,10240.75171661377,760.9516067504883,0.0,5,0.01063855427674798,107.79995727539062,9479.800109863281,0,4195.600002288818,0.0
2025-09-12,10339.25171661377,2812.8516063690186,0.0,4,0.009618434537398413,98.5,7526.400110244751,0,2051.8999996185303,0.0
2025-09-15,10487.801578521729,947.8016014099121,0.0,5,0.01436756411194251,148.54986190795898,9539.999977111816,0,2243.649995803833,0.0
2025-09-16,10747.651500701904,3018.4515953063965,0.0,4,0.024776395723611788,259.8499221801758,7729.199905395508,0,2462.1499938964844,0.0
2025-09-17,10923.601734161377,1137.7516021728516,0.0,5,0.016371040077730603,175.95023345947266,9785.850131988525,0,2249.300006866455,0.0
2025-09-18,11091.30163192749,3208.9515991210938,0.0,4,0.015352069935108181,167.69989776611328,7882.3500328063965,0,2406.800003051758,0.0
2025-09-19,11225.351516723633,3247.5016021728516,0.0,4,0.012086037260970794,134.04988479614258,7977.849914550781,0,196.9499969482422,0.0
2025-09-22,11361.95167350769,3258.9516010284424,0.0,4,0.012168897925427968,136.60015678405762,8103.000072479248,0,69.64999961853027,0.0
2025-09-23,11328.85161781311,2868.9516010284424,0.0,4,-0.0029132367964350703,-33.10005569458008,8459.900016784668,0,3182.0,0.0
2025-09-24,11095.351545333862,2500.951602935791,0.0,4,-0.020611098137440553,-233.50007247924805,8594.399942398071,0,3989.199998855591,0.0
2025-09-25,11260.551704406738,2917.6516647338867,0.0,4,0.01488913248020074,165.20015907287598,8342.900039672852,0,4320.700061798096,0.0
2025-09-26,11004.651580810547,717.1517219543457,0.0,5,-0.022725362869747023,-255.9001235961914,10287.499858856201,0,9900.499942779541,0.0
2025-09-30,11137.151763916016,946.9517211914062,0.0,5,0.012040379664224554,132.50018310546875,10190.20004272461,0,4232.700000762939,0.0
2025-10-01,11404.151672363281,953.701717376709,0.0,5,0.023973805341535925,266.9999084472656,10450.449954986572,0,4245.649997711182,0.0
2025-10-02,11548.05171585083,2953.1017112731934,0.0,4,0.012618215507978148,143.90004348754883,8594.950004577637,0,2460.0,0.0
2025-10-03,11775.551666259766,666.0017127990723,0.0,5,0.01970028849945904,227.49995040893555,11109.549953460693,0,2287.099998474121,0.0
2025-10-07,12142.05167388916,1042.751708984375,0.0,5,0.031123807870464315,366.50000762939453,11099.299964904785,0,4976.749996185303,0.0
2025-10-08,12169.95174407959,3332.751708984375,0.0,4,0.00229780525892731,27.900070190429688,8837.200035095215,0,2290.0,0.0
2025-10-09,12462.551620483398,3431.251708984375,0.0,4,0.024042813197361346,292.5998764038086,9031.299911499023,0,98.5,0.0
2025-10-13,12381.451759338379,673.3517074584961,0.0,5,-0.006507484471456437,-81.09986114501953,11708.100051879883,0,6877.900001525879,0.0
2025-10-14,11918.651714324951,584.251708984375,0.0,5,-0.037378495996188255,-462.80004501342773,11334.400005340576,0,89.0999984741211,0.0
2025-10-15,12233.551788330078,2920.401767730713,0.0,4,0.026420779929885008,314.90007400512695,9313.150020599365,0,7615.849941253662,0.0
2025-10-16,12533.851791381836,3189.451705932617,0.0,4,0.024547245824243946,300.3000030517578,9344.400085449219,0,5049.049938201904,0.0
2025-10-17,12622.451751708984,3397.451705932617,0.0,4,0.007068853358236593,88.59996032714844,9225.000045776367,0,208.0,0.0
2025-10-20,12726.45166015625,3504.451705932617,0.0,4,0.008239279538793554,103.99990844726562,9221.999954223633,0,107.0,0.0
2025-10-21,12674.951797485352,887.2017707824707,0.0,5,-0.00404667884231491,-51.49986267089844,11787.75002670288,0,2617.2499351501465,0.0
2025-10-22,12793.20174407959,1899.2018356323242,0.0,5,0.009329419826093366,118.24994659423828,10893.999908447266,0,4342.0000648498535,0.0
2025-10-23,12844.701927185059,1786.6018371582031,0.0,5,0.004025589851211597,51.50018310546875,11058.100090026855,0,4879.400001525879,0.0
2025-10-27,13223.601837158203,3980.601837158203,0.0,4,0.029498536604514403,378.89990997314453,9243.0,0,7126.0,0.0
2025-10-28,13494.80188369751,2226.201835632324,0.0,5,0.02050878798976208,271.20004653930664,11268.600048065186,0,2274.400001525879,0.0
2025-10-29,13605.05188369751,4130.251834869385,0.0,4,0.008169812417415878,110.25,9474.800048828125,0,1987.9500007629395,0.0
2025-10-30,13765.05188369751,1553.3018341064453,0.0,5,0.011760337363484918,160.0,12211.750049591064,0,8216.95000076294,0.0
2025-10-31,13768.801834106445,2715.8018341064453,0.0,5,0.0002724254467487697,3.749950408935547,11053.0,0,4396.5,0.0
2025-11-03,13842.901733398438,4643.801834106445,0.0,4,0.005381724581760006,74.09989929199219,9199.099899291992,0,6228.0,0.0
2025-11-04,13937.901733398438,2553.451835632324,0.0,5,0.00686272299187074,95.0,11384.449897766113,0,6690.349998474121,0.0
2025-11-05,14068.051876068115,5491.584102630615,0.0,4,0.009337857674646122,130.15014266967773,8576.4677734375,0,8471.067813873291,0.0
2025-11-06,14473.354991912842,1400.7339973449707,0.0,5,0.028810180643007666,405.30311584472656,13072.620994567871,0,7376.8501052856445,0.0
2025-11-07,14411.979774475098,4318.9798583984375,0.0,4,-0.004240566024397152,-61.37521743774414,10092.99991607666,0,8402.245861053467,0.0
2025-11-10,14851.979858398438,4377.4798583984375,0.0,4,0.030530162462663046,440.00008392333984,10474.5,0,264.5,0.0
2025-11-11,15016.879901885986,4208.026172637939,0.0,4,0.01110289975206924,164.90004348754883,10808.853729248047,0,6234.253772735596,0.0
2025-11-12,14969.740650177002,4211.740695953369,0.0,4,-0.003139084284949467,-47.139251708984375,10757.999954223633,0,5979.714431762695,0.0
2025-11-13,15267.240650177002,4496.440692901611,0.0,4,0.01987342379218049,297.5,10770.79995727539,0,6164.699996948242,0.0
2025-11-14,15292.040607452393,1424.0406913757324,0.0,5,0.0016243902774337737,24.799957275390625,13867.99991607666,0,9081.599998474121,0.0
2025-11-17,15521.040691375732,1424.0406913757324,0.0,5,0.014975116127519339,229.00008392333984,14097.0,0,6166.0,0.0
2025-11-18,15331.140789031982,4315.040687561035,0.0,4,-0.012234998033944233,-189.89990234375,11016.100101470947,0,3343.6000022888184,0.0
2025-11-19,15054.540718078613,1446.7406883239746,0.0,5,-0.01804171488342543,-276.60007095336914,13607.800029754639,0,3188.2999992370605,0.0
2025-11-20,15522.140460968018,1797.9406852722168,0.0,5,0.03106037916705584,467.5997428894043,13724.1997756958,0,6002.199996948242,0.0
2025-11-21,14589.640649795532,1269.2406845092773,0.0,5,-0.06007546533400787,-932.4998111724854,13320.399965286255,0,5616.299999237061,0.0
2025-11-24,14982.690711975098,1242.140682220459,0.0,5,0.026940352515473,393.05006217956543,13740.550029754639,0,6040.700000762939,0.0
2025-11-25,14935.790800094604,972.6907634735107,0.0,5,-0.003130272978471571,-46.899911880493164,13963.100036621094,0,6169.449918746948,0.0
2025-11-26,14680.390756607056,963.590799331665,0.0,5,-0.017099867486489617,-255.40004348754883,13716.79995727539,0,6076.300037384033,0.0
2025-11-27,15375.990842819214,1080.1908016204834,0.0,5,0.04738294080483496,695.6000862121582,14295.80004119873,0,220.60000228881836,0.0
2025-11-28,15661.890756607056,1118.6906147003174,0.0,5,0.01859391805773347,285.8999137878418,14543.200141906738,0,6250.900096893311,0.0
2025-12-01,15962.940675735474,1165.2406635284424,0.0,5,0.019221811964268642,301.04991912841797,14797.700012207031,0,6334.550231933594,0.0
2025-12-02,16193.54083442688,1302.0906887054443,0.0,5,0.014445969785625401,230.60015869140625,14891.450145721436,0,6588.750164031982,0.0
2025-12-03,16386.690397262573,1425.7905902862549,0.0,5,0.01192756820824914,193.14956283569336,14960.899806976318,0,6626.299808502197,0.0
2025-12-04,16198.390756607056,1226.6905155181885,0.0,5,-0.011491011063892054,-188.29964065551758,14971.700241088867,0,6657.900077819824,0.0
2025-12-05,16164.990449905396,148.2405185699463,0.0,5,-0.0020619521533666862,-33.400306701660156,16016.74993133545,0,5645.25,0.0
2025-12-08,16429.99066734314,1373.490514755249,0.0,5,0.01639346575916445,265.00021743774414,15056.50015258789,0,12102.750003814697,0.0
2025-12-09,16340.590436935425,1342.390516281128,0.0,5,-0.005441283091256355,-89.40023040771484,14998.199920654297,0,6551.099998474121,0.0
2025-12-10,16220.190671920776,1342.390516281128,0.0,5,-0.0073681404279311025,-120.39976501464844,14877.800155639648,0,0.0,0.0
2025-12-11,16082.190671920776,3435.7905139923096,0.0,4,-0.008507914782955983,-138.0,12646.400157928467,0,2276.6000022888184,0.0
2025-12-12,16285.990394592285,1128.8905143737793,0.0,5,0.0126723856736346,203.7997226715088,15157.099880218506,0,2306.8999996185303,0.0
2025-12-15,16333.990436553955,1331.6905097961426,0.0,5,0.002947321028606842,48.00004196166992,15002.299926757812,0,202.79999542236328,0.0
2025-12-16,15707.490623474121,1189.6905097961426,0.0,5,-0.038355588336686286,-626.499813079834,14517.800113677979,0,4498.0,0.0
2025-12-17,15772.190517425537,2199.090435028076,0.0,5,0.004119047115948904,64.69989395141602,13573.100082397461,0,5144.199928283691,0.0
2025-12-18,15806.690517425537,4124.690433502197,0.0,4,0.002187394323057701,34.5,11682.00008392334,0,2454.400001525879,0.0
2025-12-19,16135.190517425537,2226.790512084961,0.0,5,0.02078233894931114,328.5,13908.400005340576,0,8587.499927520752,0.0
2025-12-22,16240.440517425537,2226.790512084961,0.0,5,0.006523009436196769,105.25,14013.650005340576,0,0.0,0.0
2025-12-23,16182.19047164917,2143.69051361084,0.0,5,-0.003586728187198296,-58.25004577636719,14038.49995803833,0,6617.099998474121,0.0
2025-12-24,16401.1904296875,2274.5905151367188,0.0,5,0.013533393913636838,218.99995803833008,14126.599914550781,0,247.0999984741211,0.0
2025-12-26,16560.09051513672,1030.9405937194824,0.0,5,0.009688326352311316,158.90008544921875,15529.149921417236,0,5473.649921417236,0.0
2025-12-29,16619.990558624268,2335.790515899658,0.0,5,0.0036171326136651416,59.90004348754883,14284.20004272461,0,5414.849922180176,0.0
2025-12-30,16629.59047317505,2277.4905166625977,0.0,5,0.0005776125152971989,9.59991455078125,14352.099956512451,0,58.29999923706055,0.0
2025-12-31,16784.890560150146,1184.4906768798828,0.0,5,0.00933878000336863,155.30008697509766,15600.399883270264,0,5583.799842834473,0.0
2026-01-02,16632.290756225586,1127.6406745910645,0.0,5,-0.009091498295905165,-152.59980392456055,15504.650081634521,0,470.85000228881836,0.0
2026-01-05,16758.59066772461,4375.090675354004,0.0,4,0.007593657022364697,126.29991149902344,12383.499992370605,0,3652.5499992370605,0.0
2026-01-06,17477.090850830078,2404.4907608032227,0.0,5,0.0428735445212125,718.5001831054688,15072.600090026855,0,9409.400085449219,0.0
2026-01-07,17991.79058074951,6159.290748596191,0.0,4,0.029449965918955323,514.6997299194336,11832.49983215332,0,3754.7999877929688,0.0
2026-01-08,18205.29074859619,2937.5365982055664,0.0,5,0.011866532510394823,213.5001678466797,15267.754150390625,0,8415.754150390625,0.0
2026-01-09,17698.718711853027,2386.4186668395996,0.0,5,-0.02782553949500788,-506.57203674316406,15312.300045013428,0,12133.281993865967,0.0
2026-01-12,18312.818576812744,2617.6841773986816,0.0,5,0.034697419341912505,614.0998649597168,15695.134399414062,0,7515.134651184082,0.0
2026-01-13,17889.097354888916,1368.6973114013672,0.0,5,-0.023137957717788704,-423.7212219238281,16520.40004348755,0,6005.413135528564,0.0
2026-01-14,18263.497354507446,524.1972675323486,0.0,5,0.020928948632291444,374.3999996185303,17739.300086975098,0,20311.49995613098,0.0
2026-01-15,18537.497144699097,2530.8973064422607,0.0,5,0.015002591501130258,273.9997901916504,16006.599838256836,0,12866.700038909912,0.0
2026-01-16,18852.297468185425,1637.9973125457764,0.0,5,0.01698181372755303,314.8003234863281,17214.30015563965,0,6628.100006103516,0.0
2026-01-19,19651.4975566864,1205.897481918335,0.0,5,0.042392715787011204,799.2000885009766,18445.600074768066,0,15777.900169372559,0.0
2026-01-20,19822.4975566864,371.697301864624,0.0,5,0.008701626911981508,171.0,19450.800254821777,0,15224.200180053711,0.0
2026-01-21,19221.397146224976,912.9973049163818,0.0,5,-0.030324151068373606,-601.1004104614258,18308.399841308594,0,15292.699996948242,0.0
2026-01-22,19728.097463607788,572.297399520874,0.0,5,0.026361263623457587,506.7003173828125,19155.800064086914,0,8154.899917602539,0.0
2026-01-23,20104.697500228882,1847.8973903656006,0.0,5,0.0190895263628843,376.60003662109375,18256.80010986328,0,2102.4000091552734,0.0
2026-01-26,20809.89742088318,1979.8975734710693,0.0,5,0.03507637559064336,705.1999206542969,18829.99984741211,0,8788.000183105469,0.0
2026-01-27,20870.897497177124,431.79781913757324,0.0,5,0.002931301152533816,61.00007629394531,20439.09967803955,0,15826.099754333496,0.0
2026-01-28,21712.097745895386,514.4978084564209,0.0,5,0.040304938914679456,841.2002487182617,21197.599937438965,0,8949.099998474121,0.0
2026-01-29,20959.597814559937,334.19789695739746,0.0,5,-0.0346580943095518,-752.4999313354492,20625.39991760254,0,8241.900085449219,0.0
2026-01-30,21439.047834396362,553.5977993011475,0.0,5,0.02287496277735679,479.4500198364258,20885.450035095215,0,9517.60009765625,0.0
2026-02-02,20140.747842788696,261.49780082702637,0.0,5,-0.06055772633356882,-1298.299991607666,19879.25004196167,0,8034.900001525879,0.0
2026-02-03,20335.99790763855,514.9978008270264,0.0,5,0.00969428078708412,195.25006484985352,19821.000106811523,0,808.5,0.0
2026-02-04,21048.44758796692,468.99780082702637,0.0,5,0.035033917861525765,712.4496803283691,20579.449787139893,0,201.1999969482422,0.0
2026-02-05,20324.747800827026,347.24780082702637,0.0,5,-0.03438257306698578,-723.6997871398926,19977.5,0,609.25,0.0
2026-02-06,19742.64782524109,567.3978061676025,0.0,5,-0.028639960568772826,-582.0999755859375,19175.250019073486,0,298.25000381469727,0.0
2026-02-09,20636.04797935486,398.4478054046631,0.0,5,0.045252296552215965,893.4001541137695,20237.600173950195,0,754.450008392334,0.0
2026-02-10,20365.948064804077,491.69779777526855,0.0,5,-0.013088742322221791,-270.09991455078125,19874.25026702881,0,774.5500106811523,0.0
2026-02-11,20950.447916030884,217.49780464172363,0.0,5,0.028699859656272197,584.4998512268066,20732.95011138916,0,589.4000053405762,0.0
2026-02-23,21942.94782447815,492.2978000640869,0.0,5,0.04737368443983603,992.4999084472656,21450.650024414062,0,703.4000015258789,0.0
2026-02-24,23253.647958755493,493.5978031158447,0.0,5,0.05973218114364798,1310.7001342773438,22760.05015563965,0,180.3000030517578,0.0
2026-02-25,23760.097959518433,382.8978099822998,0.0,5,0.021779378515629944,506.45000076293945,23377.200149536133,0,989.3000068664551,0.0
2026-02-26,23960.69807243347,768.3978023529053,0.0,5,0.008442730886750294,200.60011291503906,23192.300270080566,0,883.5000076293945,0.0
2026-03-02,23502.497873306274,640.0977993011475,0.0,5,-0.019122990396275297,-458.20019912719727,22862.400074005127,0,257.3000030517578,0.0
2026-03-03,22387.59783744812,539.9978008270264,0.0,5,-0.0474375124664701,-1114.9000358581543,21847.600036621094,0,412.9000015258789,0.0
2026-03-04,20800.347887039185,659.9978008270264,0.0,5,-0.07089862708512273,-1587.2499504089355,20140.35008621216,0,120.0,0.0
2026-03-05,21827.69791984558,679.7977962493896,0.0,5,0.049391002419077124,1027.3500328063965,21147.90012359619,0,495.2000045776367,0.0
2026-03-06,21469.397954940796,551.7977962493896,0.0,5,-0.01641492227996344,-358.29996490478516,20917.600158691406,0,9360.0,0.0
2026-03-09,20395.44743537903,369.4477710723877,0.0,5,-0.05002238636666645,-1073.9505195617676,20025.99966430664,0,1546.3499641418457,0.0
2026-03-10,21054.047693252563,136.29775428771973,0.0,5,0.03229153270406271,658.6002578735352,20917.749938964844,0,9330.550010681152,0.0
2026-03-11,21504.998025894165,424.3978900909424,0.0,5,0.021418700062417084,450.95033264160156,21080.600135803223,0,9544.500144958496,0.0
2026-03-12,21102.048151016235,643.9478931427002,0.0,5,-0.018737498808078845,-402.9498748779297,20458.100257873535,0,1093.8500061035156,0.0
2026-03-13,21460.44807624817,315.94788551330566,0.0,5,0.01698412981844477,358.3999252319336,21144.500190734863,0,829.0000076293945,0.0
2026-03-16,22805.34757423401,345.44788551330566,0.0,5,0.06266875198539479,1344.8994979858398,22459.899688720703,0,493.5,0.0
2026-03-17,22596.448022842407,474.7478847503662,0.0,5,-0.00916011258813787,-208.89955139160156,22121.70013809204,0,413.70000076293945,0.0
2026-03-18,23203.047803878784,366.44788932800293,0.0,5,0.026844917414594383,606.599781036377,22836.59991455078,0,292.0999984741211,0.0
2026-03-19,22946.44769859314,811.2478923797607,0.0,5,-0.011058896549045127,-256.60010528564453,22135.19980621338,0,1133.1999969482422,0.0
2026-03-20,21833.947885513306,748.797887802124,0.0,5,-0.04848244171353988,-1112.499813079834,21085.14999771118,0,562.3499984741211,0.0
2026-03-23,20621.197969436646,359.19788932800293,0.0,5,-0.055544234255560876,-1212.7499160766602,20262.000080108643,0,608.4000015258789,0.0
2026-03-24,20130.197942733765,555.3978862762451,0.0,5,-0.023810451140162114,-491.00002670288086,19574.80005645752,0,196.1999969482422,0.0
2026-03-25,20823.947744369507,296.49789237976074,0.0,5,0.03446313859452932,693.7498016357422,20527.449851989746,0,410.8999938964844,0.0
2026-03-26,21018.597967147827,382.99788093566895,0.0,5,0.009347421784178689,194.6502227783203,20635.60008621216,0,385.70000076293945,0.0
2026-03-27,20866.947652816772,175.5478801727295,0.0,5,-0.007215053761820078,-151.6503143310547,20691.399772644043,0,320.04999923706055,0.0
2026-03-30,21618.148221969604,598.8478908538818,0.0,5,0.035999542513417415,751.200569152832,21019.300331115723,0,648.900016784668,0.0
2026-03-31,19986.24792289734,546.8478832244873,0.0,5,-0.07548751550393362,-1631.9002990722656,19439.40003967285,0,492.7999954223633,0.0
2026-04-01,20921.447706222534,488.24788093566895,0.0,5,0.04679216363836747,935.1997833251953,20433.199825286865,0,637.9999961853027,0.0
2026-04-02,20773.947927474976,287.74788093566895,0.0,5,-0.007050170753895246,-147.4997787475586,20486.200046539307,0,200.5,0.0
2026-04-07,21641.44768333435,497.7478847503662,0.0,5,0.041759022352802155,867.499755859375,21143.699798583984,0,917.9999961853027,0.0
2026-04-08,22397.24760246277,254.54789543151855,0.0,5,0.03492372276511069,755.799919128418,22142.69970703125,0,859.3999862670898,0.0
2026-04-09,21995.747648239136,218.84788703918457,0.0,5,-0.017926307792368368,-401.4999542236328,21776.89976119995,0,479.6999931335449,0.0
2026-04-10,22040.647882461548,775.0478916168213,0.0,5,0.0020413143004032186,44.90023422241211,21265.599990844727,0,1149.7999954223633,0.0
2026-04-13,23092.44767189026,662.9477634429932,0.0,5,0.04772091070270501,1051.799789428711,22429.499908447266,0,9939.899871826172,0.0
2026-04-14,23602.147623062134,725.9476909637451,0.0,5,0.022072149233115512,509.699951171875,22876.19993209839,0,9832.200054168701,0.0
2026-04-15,23033.54794883728,2007.6478099822998,0.0,5,-0.024091014229114638,-568.5996742248535,21025.90013885498,0,7925.700134277344,0.0
2026-04-16,23798.24767112732,396.1478099822998,0.0,5,0.03319938916872944,764.6997222900391,23402.09986114502,0,8301.5,0.0
2026-04-17,23665.547651290894,1949.4478130340576,0.0,5,-0.005576041634251072,-132.70001983642578,21716.099838256836,0,8340.699996948242,0.0
2026-04-20,24017.547651290894,146.04772758483887,0.0,5,0.014873942711433497,352.0,23871.499923706055,0,8963.400085449219,0.0
2026-04-21,24648.347623825073,911.0477352142334,0.0,5,0.026264129114792256,630.7999725341797,23737.29988861084,0,1271.7999954223633,0.0
2026-04-22,24880.64757347107,2215.8476390838623,0.0,5,0.009424564810237124,232.2999496459961,22664.799934387207,0,8755.999900817871,0.0
2026-04-23,24597.047620773315,840.4477443695068,0.0,5,-0.011398415248650595,-283.5999526977539,23756.59987640381,0,9195.399894714355,0.0
2026-04-24,25017.397680282593,375.34774589538574,0.0,5,0.01708945179072119,420.35005950927734,24642.049934387207,0,465.0999984741211,0.0
2026-04-27,25899.047872543335,1515.147756576538,0.0,5,0.03524148288835072,881.6501922607422,24383.900115966797,0,9732.199989318848,0.0
2026-04-28,26421.047803878784,605.7476482391357,0.0,5,0.020155178441476407,521.9999313354492,25815.30015563965,0,19953.599891662598,0.0
2026-04-29,26597.64755821228,1897.6475582122803,0.0,5,0.006684055668207511,176.5997543334961,24700.0,0,20110.899909973145,0.0
2026-04-30,26967.2476978302,1258.8478679656982,0.0,5,0.013895971018076159,369.6001396179199,25708.399829864502,0,11615.400123596191,0.0
2026-05-04,27871.24788093567,1210.4481716156006,0.0,5,0.03352215225056887,904.0001831054688,26660.79970932007,0,11604.399879455566,0.0
2026-05-05,28659.947984695435,1415.14817237854,0.0,5,0.028297983180697317,788.7001037597656,27244.799812316895,0,308.29999923706055,0.0
2026-05-06,29547.348276138306,2089.7481784820557,0.0,5,0.030963081018735572,887.4002914428711,27457.60009765625,0,1184.6000061035156,0.0
2026-05-07,30518.498266220093,3563.0479679107666,0.0,5,0.032867585307682745,971.1499900817871,26955.450298309326,0,21778.70021057129,0.0
2026-05-08,29566.097959518433,1164.147668838501,0.0,5,-0.03120731231247509,-952.4003067016602,28401.95029067993,0,21531.300094604492,0.0
2026-05-11,31297.14757347107,1131.1476726531982,0.0,5,0.05854846372770495,1731.0496139526367,30165.99990081787,0,634.9999961853027,0.0
2026-05-12,32155.14757347107,1250.4476833343506,0.0,5,0.027414638921512413,858.0,30904.69989013672,0,12949.69979095459,0.0
